============================================================
  Generated by:           Genus(TM) Synthesis Solution 22.13-s093_1
  Generated on:           Jun 05 2026  12:54:49 pm
  Module:                 cva6
  Operating conditions:   TT_0P80V_0P00V_0P00V_0P00V_25C (best_case_tree)
  Wireload mode:          enclosed
  Area mode:              timing library
============================================================


Path 1: MET (11 ps) Setup Check with Pin ex_stage_i/vaddr_to_be_flushed_reg[45]/CK->D
          Group: clk
     Startpoint: (R) ex_stage_i/fpu_gen.fpu_i_fpu_gen.i_fpnew_bulk_gen_operation_groups[3].i_opgroup_block_gen_merged_slice.i_multifmt_slice_gen_num_lanes[0].active_lane.lane_instance.i_fpnew_cast_multi_mid_pipe_dst_fmt_q_reg[1][2]/CK
          Clock: (R) clk
       Endpoint: (R) ex_stage_i/vaddr_to_be_flushed_reg[45]/D
          Clock: (R) clk

                     Capture       Launch     
        Clock Edge:+    1250            0     
       Src Latency:+       0            0     
       Net Latency:+       0 (I)        0 (I) 
           Arrival:=    1250            0     
                                              
             Setup:-      46                  
     Required Time:=    1204                  
      Launch Clock:-       0                  
         Data Path:-    1193                  
             Slack:=      11                  

#----------------------------------------------------------------------------------------------------------------------------------------------------------------------------------------------------------------------------------------------------------------------------------------------------------------------------------------------
#                                                                                                                      Timing Point                                                                                                                        Flags    Arc   Edge         Cell           Fanout Load Trans Delay Arrival Instance 
#                                                                                                                                                                                                                                                                                                            (fF)  (ps)  (ps)   (ps)  Location 
#----------------------------------------------------------------------------------------------------------------------------------------------------------------------------------------------------------------------------------------------------------------------------------------------------------------------------------------------
  ex_stage_i/fpu_gen.fpu_i_fpu_gen.i_fpnew_bulk_gen_operation_groups[3].i_opgroup_block_gen_merged_slice.i_multifmt_slice_gen_num_lanes[0].active_lane.lane_instance.i_fpnew_cast_multi_mid_pipe_dst_fmt_q_reg[1][2]/CK                                    -       -      R     (arrival)              23656    -     0     0       0    (-,-) 
  ex_stage_i/fpu_gen.fpu_i_fpu_gen.i_fpnew_bulk_gen_operation_groups[3].i_opgroup_block_gen_merged_slice.i_multifmt_slice_gen_num_lanes[0].active_lane.lane_instance.i_fpnew_cast_multi_mid_pipe_dst_fmt_q_reg[1][2]/Q                                     -       CK->Q  R     HDBLVT20_FSDPRBQ_D_1       7  4.5    31    55      55    (-,-) 
  ex_stage_i/g4149/X                                                                                                                                                                                                                                       -       A2->X  F     HDBLVT20_NR2_MM_2          4  2.3    17    21      76    (-,-) 
  ex_stage_i/g4112/X                                                                                                                                                                                                                                       -       A1->X  R     HDBLVT20_ND2_MM_2          3  1.5    10    12      88    (-,-) 
  ex_stage_i/g4073/X                                                                                                                                                                                                                                       -       A1->X  F     HDBLVT20_ND2_1             3  1.5    18    15     103    (-,-) 
  ex_stage_i/g4031/X                                                                                                                                                                                                                                       -       A1->X  R     HDBLVT20_NR2_1             2  1.4    19    18     121    (-,-) 
  ex_stage_i/g4025/X                                                                                                                                                                                                                                       -       A1->X  F     HDBLVT20_ND2_MM_1          2  1.0    14    15     136    (-,-) 
  ex_stage_i/g4022/X                                                                                                                                                                                                                                       -       A->X   R     HDBLVT20_INV_1             1  0.5     7     9     146    (-,-) 
  ex_stage_i/g4014/X                                                                                                                                                                                                                                       -       A2->X  F     HDBLVT20_OAI21_MM_1        1  1.6    23    20     165    (-,-) 
  ex_stage_i/g3926/CO                                                                                                                                                                                                                                      -       CI->CO F     HDBLVT20_ADDF_V1_1         2  1.4    14    34     200    (-,-) 
  ex_stage_i/g3921/X                                                                                                                                                                                                                                       -       A1->X  F     HDBLVT20_AO21B_1           3  1.4    16    23     222    (-,-) 
  ex_stage_i/g3915/X                                                                                                                                                                                                                                       -       B1->X  F     HDBLVT20_OA2BB2_1          1  0.5    10    21     243    (-,-) 
  ex_stage_i/g3907/X                                                                                                                                                                                                                                       -       B1->X  R     HDBLVT20_OAI221_1          3  2.5    37    24     267    (-,-) 
  ex_stage_i/fpu_gen.fpu_i_fpu_gen.i_fpnew_bulk_gen_operation_groups[3].i_opgroup_block_gen_merged_slice.i_multifmt_slice_gen_num_lanes[0].active_lane.lane_instance.i_fpnew_cast_multi_srl_492_2980_g12169/X                                              -       A->X   R     HDBLVT20_BUF_D_8          40 21.2    20    35     302    (-,-) 
  ex_stage_i/fpu_gen.fpu_i_fpu_gen.i_fpnew_bulk_gen_operation_groups[3].i_opgroup_block_gen_merged_slice.i_multifmt_slice_gen_num_lanes[0].active_lane.lane_instance.i_fpnew_cast_multi_srl_492_2980_g12168/X                                              -       A->X   F     HDBLVT20_INV_5            31 14.5    17    17     319    (-,-) 
  ex_stage_i/fpu_gen.fpu_i_fpu_gen.i_fpnew_bulk_gen_operation_groups[3].i_opgroup_block_gen_merged_slice.i_multifmt_slice_gen_num_lanes[0].active_lane.lane_instance.i_fpnew_cast_multi_srl_492_2980_g12159/X                                              -       A->X   R     HDBLVT20_INV_5            28 12.3    18    17     336    (-,-) 
  ex_stage_i/fpu_gen.fpu_i_fpu_gen.i_fpnew_bulk_gen_operation_groups[3].i_opgroup_block_gen_merged_slice.i_multifmt_slice_gen_num_lanes[0].active_lane.lane_instance.i_fpnew_cast_multi_srl_492_2980_g12277/X                                              -       B->X   F     HDBLVT20_NR2B_0P5          2  1.0    16    17     353    (-,-) 
  ex_stage_i/fpu_gen.fpu_i_fpu_gen.i_fpnew_bulk_gen_operation_groups[3].i_opgroup_block_gen_merged_slice.i_multifmt_slice_gen_num_lanes[0].active_lane.lane_instance.i_fpnew_cast_multi_srl_492_2980_g11160/X                                              -       B1->X  F     HDBLVT20_AO2BB2_1          1  0.4    16    21     374    (-,-) 
  ex_stage_i/g10116/X                                                                                                                                                                                                                                      -       A3->X  R     HDBLVT20_NR4_0P5           1  0.4    19    22     396    (-,-) 
  ex_stage_i/g9809/X                                                                                                                                                                                                                                       -       A2->X  F     HDBLVT20_ND4_MM_1          1  0.5    20    20     416    (-,-) 
  ex_stage_i/g9707/X                                                                                                                                                                                                                                       -       A2->X  R     HDBLVT20_NR2_1             1  1.1    17    19     434    (-,-) 
  ex_stage_i/g9677/X                                                                                                                                                                                                                                       -       A2->X  F     HDBLVT20_ND2_2             3  1.7    12    14     448    (-,-) 
  ex_stage_i/g9545/X                                                                                                                                                                                                                                       -       A1->X  R     HDBLVT20_NR2_MM_1P5        2  1.0    10    11     459    (-,-) 
  ex_stage_i/g9382/X                                                                                                                                                                                                                                       -       A1->X  F     HDBLVT20_OAI21B_1          2  0.8    17    11     470    (-,-) 
  ex_stage_i/g9343/X                                                                                                                                                                                                                                       -       A1->X  R     HDBLVT20_NR2_MM_1          1  0.5    11    12     482    (-,-) 
  ex_stage_i/g9294/X                                                                                                                                                                                                                                       -       A1->X  F     HDBLVT20_OAI21B_1          1  0.9    15    12     494    (-,-) 
  ex_stage_i/g9257/X                                                                                                                                                                                                                                       -       A1->X  R     HDBLVT20_AOI21_MM_2        2  1.9    14    17     511    (-,-) 
  ex_stage_i/g9251/X                                                                                                                                                                                                                                       -       S->X   R     HDBLVT20_MUXI2_V2_2        4  2.4    25    19     530    (-,-) 
  ex_stage_i/final_adder_fpu_gen.fpu_i_fpu_gen.i_fpnew_bulk_gen_operation_groups[3].i_opgroup_block_gen_merged_slice.i_multifmt_slice_gen_num_lanes[0].active_lane.lane_instance.i_fpnew_cast_multi_mux_604_34_g1995/X                                     -       A1->X  F     HDBLVT20_AOI21B_1          2  1.0    16    17     547    (-,-) 
  ex_stage_i/final_adder_fpu_gen.fpu_i_fpu_gen.i_fpnew_bulk_gen_operation_groups[3].i_opgroup_block_gen_merged_slice.i_multifmt_slice_gen_num_lanes[0].active_lane.lane_instance.i_fpnew_cast_multi_mux_604_34_g1976/X                                     -       A1->X  R     HDBLVT20_OAI21B_1          2  1.4    19    18     565    (-,-) 
  ex_stage_i/final_adder_fpu_gen.fpu_i_fpu_gen.i_fpnew_bulk_gen_operation_groups[3].i_opgroup_block_gen_merged_slice.i_multifmt_slice_gen_num_lanes[0].active_lane.lane_instance.i_fpnew_cast_multi_mux_604_34_g1975/X                                     -       A->X   F     HDBLVT20_INV_1             1  1.0    10    11     576    (-,-) 
  ex_stage_i/final_adder_fpu_gen.fpu_i_fpu_gen.i_fpnew_bulk_gen_operation_groups[3].i_opgroup_block_gen_merged_slice.i_multifmt_slice_gen_num_lanes[0].active_lane.lane_instance.i_fpnew_cast_multi_mux_604_34_g1973/X                                     -       A->X   R     HDBLVT20_INV_2             3  2.2     9    10     586    (-,-) 
  ex_stage_i/final_adder_fpu_gen.fpu_i_fpu_gen.i_fpnew_bulk_gen_operation_groups[3].i_opgroup_block_gen_merged_slice.i_multifmt_slice_gen_num_lanes[0].active_lane.lane_instance.i_fpnew_cast_multi_mux_604_34_g1961/X                                     -       A1->X  F     HDBLVT20_AOI21_2           2  1.7    16    12     598    (-,-) 
  ex_stage_i/final_adder_fpu_gen.fpu_i_fpu_gen.i_fpnew_bulk_gen_operation_groups[3].i_opgroup_block_gen_merged_slice.i_multifmt_slice_gen_num_lanes[0].active_lane.lane_instance.i_fpnew_cast_multi_mux_604_34_g1954/X                                     -       A1->X  R     HDBLVT20_NR2_MM_2          2  1.5    12    12     610    (-,-) 
  ex_stage_i/final_adder_fpu_gen.fpu_i_fpu_gen.i_fpnew_bulk_gen_operation_groups[3].i_opgroup_block_gen_merged_slice.i_multifmt_slice_gen_num_lanes[0].active_lane.lane_instance.i_fpnew_cast_multi_mux_604_34_g1937/X                                     -       A1->X  F     HDBLVT20_AOI21B_2          2  1.4    11    11     622    (-,-) 
  ex_stage_i/final_adder_fpu_gen.fpu_i_fpu_gen.i_fpnew_bulk_gen_operation_groups[3].i_opgroup_block_gen_merged_slice.i_multifmt_slice_gen_num_lanes[0].active_lane.lane_instance.i_fpnew_cast_multi_mux_604_34_g2152/X                                     -       A1->X  R     HDBLVT20_OAI21_MM_0P5      1  0.9    18    16     638    (-,-) 
  ex_stage_i/final_adder_fpu_gen.fpu_i_fpu_gen.i_fpnew_bulk_gen_operation_groups[3].i_opgroup_block_gen_merged_slice.i_multifmt_slice_gen_num_lanes[0].active_lane.lane_instance.i_fpnew_cast_multi_mux_604_34_g1909/X                                     -       A1->X  R     HDBLVT20_EN2_V2_1          1  0.5    11    21     659    (-,-) 
  ex_stage_i/g3741/X                                                                                                                                                                                                                                       -       A1->X  R     HDBLVT20_AO21_1            5  2.5    18    25     684    (-,-) 
  ex_stage_i/final_adder_fpu_gen.fpu_i_fpu_gen.i_fpnew_bulk_gen_operation_groups[3].i_opgroup_block_gen_merged_slice.i_multifmt_slice_gen_num_lanes[0].active_lane.lane_instance.i_fpnew_cast_multi_mux_ifmt_rounded_signed_res[int_fmt_q2]_622_28_g2754/X -       A1->X  R     HDBLVT20_OR2_1             3  1.9    14    22     706    (-,-) 
  ex_stage_i/final_adder_fpu_gen.fpu_i_fpu_gen.i_fpnew_bulk_gen_operation_groups[3].i_opgroup_block_gen_merged_slice.i_multifmt_slice_gen_num_lanes[0].active_lane.lane_instance.i_fpnew_cast_multi_mux_ifmt_rounded_signed_res[int_fmt_q2]_622_28_g2544/X -       A1->X  F     HDBLVT20_ND3_2             2  2.0    20    17     723    (-,-) 
  ex_stage_i/final_adder_fpu_gen.fpu_i_fpu_gen.i_fpnew_bulk_gen_operation_groups[3].i_opgroup_block_gen_merged_slice.i_multifmt_slice_gen_num_lanes[0].active_lane.lane_instance.i_fpnew_cast_multi_mux_ifmt_rounded_signed_res[int_fmt_q2]_622_28_g2490/X -       B2->X  R     HDBLVT20_OAI22_2           1  1.0    15    18     741    (-,-) 
  ex_stage_i/final_adder_fpu_gen.fpu_i_fpu_gen.i_fpnew_bulk_gen_operation_groups[3].i_opgroup_block_gen_merged_slice.i_multifmt_slice_gen_num_lanes[0].active_lane.lane_instance.i_fpnew_cast_multi_mux_ifmt_rounded_signed_res[int_fmt_q2]_622_28_g2484/X -       A1->X  F     HDBLVT20_NR2_2             4  2.6    11    11     753    (-,-) 
  ex_stage_i/final_adder_fpu_gen.fpu_i_fpu_gen.i_fpnew_bulk_gen_operation_groups[3].i_opgroup_block_gen_merged_slice.i_multifmt_slice_gen_num_lanes[0].active_lane.lane_instance.i_fpnew_cast_multi_mux_ifmt_rounded_signed_res[int_fmt_q2]_622_28_g2480/X -       A->X   R     HDBLVT20_AN3B_2            1  0.9    10    12     765    (-,-) 
  ex_stage_i/final_adder_fpu_gen.fpu_i_fpu_gen.i_fpnew_bulk_gen_operation_groups[3].i_opgroup_block_gen_merged_slice.i_multifmt_slice_gen_num_lanes[0].active_lane.lane_instance.i_fpnew_cast_multi_mux_ifmt_rounded_signed_res[int_fmt_q2]_622_28_g2467/X -       B1->X  F     HDBLVT20_AOI211_2          4  2.7    20    10     775    (-,-) 
  ex_stage_i/final_adder_fpu_gen.fpu_i_fpu_gen.i_fpnew_bulk_gen_operation_groups[3].i_opgroup_block_gen_merged_slice.i_multifmt_slice_gen_num_lanes[0].active_lane.lane_instance.i_fpnew_cast_multi_mux_ifmt_rounded_signed_res[int_fmt_q2]_622_28_g2464/X -       A1->X  R     HDBLVT20_NR2_1P5           2  1.4    13    14     789    (-,-) 
  ex_stage_i/final_adder_fpu_gen.fpu_i_fpu_gen.i_fpnew_bulk_gen_operation_groups[3].i_opgroup_block_gen_merged_slice.i_multifmt_slice_gen_num_lanes[0].active_lane.lane_instance.i_fpnew_cast_multi_mux_ifmt_rounded_signed_res[int_fmt_q2]_622_28_g2437/X -       A1->X  F     HDBLVT20_AOI21_2           4  2.4    16    16     805    (-,-) 
  ex_stage_i/final_adder_fpu_gen.fpu_i_fpu_gen.i_fpnew_bulk_gen_operation_groups[3].i_opgroup_block_gen_merged_slice.i_multifmt_slice_gen_num_lanes[0].active_lane.lane_instance.i_fpnew_cast_multi_mux_ifmt_rounded_signed_res[int_fmt_q2]_622_28_g2415/X -       A1->X  R     HDBLVT20_OAI21_MM_2        2  1.4    13    15     820    (-,-) 
  ex_stage_i/final_adder_fpu_gen.fpu_i_fpu_gen.i_fpnew_bulk_gen_operation_groups[3].i_opgroup_block_gen_merged_slice.i_multifmt_slice_gen_num_lanes[0].active_lane.lane_instance.i_fpnew_cast_multi_mux_ifmt_rounded_signed_res[int_fmt_q2]_622_28_g2402/X -       A1->X  F     HDBLVT20_ND2_MM_2          2  1.4    10    11     830    (-,-) 
  ex_stage_i/final_adder_fpu_gen.fpu_i_fpu_gen.i_fpnew_bulk_gen_operation_groups[3].i_opgroup_block_gen_merged_slice.i_multifmt_slice_gen_num_lanes[0].active_lane.lane_instance.i_fpnew_cast_multi_mux_ifmt_rounded_signed_res[int_fmt_q2]_622_28_g2383/X -       A1->X  R     HDBLVT20_OAI21_2           3  2.4    17    16     846    (-,-) 
  ex_stage_i/final_adder_fpu_gen.fpu_i_fpu_gen.i_fpnew_bulk_gen_operation_groups[3].i_opgroup_block_gen_merged_slice.i_multifmt_slice_gen_num_lanes[0].active_lane.lane_instance.i_fpnew_cast_multi_mux_ifmt_rounded_signed_res[int_fmt_q2]_622_28_g2370/X -       A1->X  F     HDBLVT20_AOI21B_2          2  1.4    12    13     860    (-,-) 
  ex_stage_i/final_adder_fpu_gen.fpu_i_fpu_gen.i_fpnew_bulk_gen_operation_groups[3].i_opgroup_block_gen_merged_slice.i_multifmt_slice_gen_num_lanes[0].active_lane.lane_instance.i_fpnew_cast_multi_mux_ifmt_rounded_signed_res[int_fmt_q2]_622_28_g2366/X -       A1->X  R     HDBLVT20_OAI21B_1          1  0.9    14    14     873    (-,-) 
  ex_stage_i/final_adder_fpu_gen.fpu_i_fpu_gen.i_fpnew_bulk_gen_operation_groups[3].i_opgroup_block_gen_merged_slice.i_multifmt_slice_gen_num_lanes[0].active_lane.lane_instance.i_fpnew_cast_multi_mux_ifmt_rounded_signed_res[int_fmt_q2]_622_28_g2363/X -       A1->X  R     HDBLVT20_EN2_V2_1          2  1.0    15    22     895    (-,-) 
  ex_stage_i/g151560/X                                                                                                                                                                                                                                     -       B1->X  F     HDBLVT20_OAI22_1           1  0.5    15    15     910    (-,-) 
  ex_stage_i/g150776/X                                                                                                                                                                                                                                     -       B1->X  R     HDBLVT20_AOI32_1           1  0.9    32    18     928    (-,-) 
  ex_stage_i/g148554/X                                                                                                                                                                                                                                     -       A1->X  F     HDBLVT20_OAI21_2           2  2.1    15    19     948    (-,-) 
  ex_stage_i/g148384/X                                                                                                                                                                                                                                     -       A1->X  R     HDBLVT20_NR2_3             4  2.4    13    14     961    (-,-) 
  ex_stage_i/g148062/X                                                                                                                                                                                                                                     -       B1->X  R     HDBLVT20_AO2BB2_1          2  1.0    15    22     983    (-,-) 
  ex_stage_i/g147876/X                                                                                                                                                                                                                                     -       A1->X  F     HDBLVT20_NR2_1             4  2.1    15    14     997    (-,-) 
  ex_stage_i/g147686/X                                                                                                                                                                                                                                     -       B->X   R     HDBLVT20_NR2B_V1_1         3  1.8    22    21    1018    (-,-) 
  ex_stage_i/g146848/X                                                                                                                                                                                                                                     -       A1->X  F     HDBLVT20_OAOI211_2         3  1.9    33    18    1037    (-,-) 
  ex_stage_i/g146579/X                                                                                                                                                                                                                                     -       A1->X  F     HDBLVT20_AN2_DMM_8        19 17.0    16    35    1072    (-,-) 
  ex_stage_i/g146268/X                                                                                                                                                                                                                                     -       A1->X  R     HDBLVT20_ND2_2            13  5.2    20    18    1090    (-,-) 
  g207159/X                                                                                                                                                                                                                                                -       A->X   F     HDBLVT20_INV_1             5  2.5    15    16    1106    (-,-) 
  g198072/X                                                                                                                                                                                                                                                -       A1->X  R     HDBLVT20_OAI21_MM_0P5      3  1.3    24    20    1127    (-,-) 
  g196532/X                                                                                                                                                                                                                                                -       B1->X  F     HDBLVT20_AOI22_0P75        1  0.5    51    19    1146    (-,-) 
  g196386/X                                                                                                                                                                                                                                                -       A2->X  R     HDBLVT20_ND2_MM_1          1  0.4    16    18    1165    (-,-) 
  g196211/X                                                                                                                                                                                                                                                -       A1->X  F     HDBLVT20_NR2_MM_1          1  0.5    10    12    1177    (-,-) 
  g195804/X                                                                                                                                                                                                                                                -       A1->X  R     HDBLVT20_OAI21_MM_0P5      4  0.9    21    16    1193    (-,-) 
  ex_stage_i/vaddr_to_be_flushed_reg[45]/D                                                                                                                                                                                                                 -       -      R     HDBLVT20_FSDPRBQ_D_1       4    -     -     0    1193    (-,-) 
#----------------------------------------------------------------------------------------------------------------------------------------------------------------------------------------------------------------------------------------------------------------------------------------------------------------------------------------------



Path 2: MET (11 ps) Setup Check with Pin ex_stage_i/vaddr_to_be_flushed_reg[45]/CK->D
          Group: clk
     Startpoint: (R) ex_stage_i/fpu_gen.fpu_i_fpu_gen.i_fpnew_bulk_gen_operation_groups[3].i_opgroup_block_gen_merged_slice.i_multifmt_slice_gen_num_lanes[0].active_lane.lane_instance.i_fpnew_cast_multi_mid_pipe_dst_fmt_q_reg[1][2]/CK
          Clock: (R) clk
       Endpoint: (R) ex_stage_i/vaddr_to_be_flushed_reg[45]/D
          Clock: (R) clk

                     Capture       Launch     
        Clock Edge:+    1250            0     
       Src Latency:+       0            0     
       Net Latency:+       0 (I)        0 (I) 
           Arrival:=    1250            0     
                                              
             Setup:-      46                  
     Required Time:=    1204                  
      Launch Clock:-       0                  
         Data Path:-    1193                  
             Slack:=      11                  

#---------------------------------------------------------------------------------------------------------------------------------------------------------------------------------------------------------------------------------------------------------------------------------------------------------------------------------------------
#                                                                                                                      Timing Point                                                                                                                        Flags   Arc   Edge         Cell           Fanout Load Trans Delay Arrival Instance 
#                                                                                                                                                                                                                                                                                                           (fF)  (ps)  (ps)   (ps)  Location 
#---------------------------------------------------------------------------------------------------------------------------------------------------------------------------------------------------------------------------------------------------------------------------------------------------------------------------------------------
  ex_stage_i/fpu_gen.fpu_i_fpu_gen.i_fpnew_bulk_gen_operation_groups[3].i_opgroup_block_gen_merged_slice.i_multifmt_slice_gen_num_lanes[0].active_lane.lane_instance.i_fpnew_cast_multi_mid_pipe_dst_fmt_q_reg[1][2]/CK                                    -       -     R     (arrival)              23656    -     0     0       0    (-,-) 
  ex_stage_i/fpu_gen.fpu_i_fpu_gen.i_fpnew_bulk_gen_operation_groups[3].i_opgroup_block_gen_merged_slice.i_multifmt_slice_gen_num_lanes[0].active_lane.lane_instance.i_fpnew_cast_multi_mid_pipe_dst_fmt_q_reg[1][2]/Q                                     -       CK->Q R     HDBLVT20_FSDPRBQ_D_1       7  4.5    31    55      55    (-,-) 
  ex_stage_i/g4169/X                                                                                                                                                                                                                                       -       A->X  F     HDBLVT20_INV_2             3  3.0    14    16      71    (-,-) 
  ex_stage_i/g4148/X                                                                                                                                                                                                                                       -       A1->X R     HDBLVT20_ND2_2             3  2.0    10    12      83    (-,-) 
  ex_stage_i/g4114/X                                                                                                                                                                                                                                       -       A2->X F     HDBLVT20_ND2_1             2  1.3    16    14      97    (-,-) 
  ex_stage_i/g4075/X                                                                                                                                                                                                                                       -       A1->X R     HDBLVT20_ND2_1P5           5  2.4    14    13     110    (-,-) 
  ex_stage_i/g4045/X                                                                                                                                                                                                                                       -       A2->X F     HDBLVT20_AO2BB2_1          1  0.5    12    12     123    (-,-) 
  ex_stage_i/g4034/X                                                                                                                                                                                                                                       -       A2->X R     HDBLVT20_NR2_1             1  1.3    17    17     140    (-,-) 
  ex_stage_i/g3963/X                                                                                                                                                                                                                                       -       A1->X F     HDBLVT20_AOAI211_3         2  2.5    20    22     162    (-,-) 
  ex_stage_i/g3925/X                                                                                                                                                                                                                                       -       A->X  R     HDBLVT20_OR3B_4            7  5.3    14    15     177    (-,-) 
  ex_stage_i/g3916/X                                                                                                                                                                                                                                       -       A1->X F     HDBLVT20_AO2BB2_3          1  2.0    12    12     189    (-,-) 
  ex_stage_i/g3912/X                                                                                                                                                                                                                                       -       A1->X F     HDBLVT20_OR2_8            45 28.0    20    29     218    (-,-) 
  ex_stage_i/fpu_gen.fpu_i_fpu_gen.i_fpnew_bulk_gen_operation_groups[3].i_opgroup_block_gen_merged_slice.i_multifmt_slice_gen_num_lanes[0].active_lane.lane_instance.i_fpnew_cast_multi_srl_492_2980_g12050_0/X                                            -       A->X  R     HDBLVT20_INV_6            32 15.1    18    18     237    (-,-) 
  ex_stage_i/fpu_gen.fpu_i_fpu_gen.i_fpnew_bulk_gen_operation_groups[3].i_opgroup_block_gen_merged_slice.i_multifmt_slice_gen_num_lanes[0].active_lane.lane_instance.i_fpnew_cast_multi_srl_492_2980_g11881/X                                              -       A1->X F     HDBLVT20_ND2_MM_1          2  1.0    14    15     251    (-,-) 
  ex_stage_i/fpu_gen.fpu_i_fpu_gen.i_fpnew_bulk_gen_operation_groups[3].i_opgroup_block_gen_merged_slice.i_multifmt_slice_gen_num_lanes[0].active_lane.lane_instance.i_fpnew_cast_multi_srl_492_2980_g11777/X                                              -       B1->X R     HDBLVT20_OAI22_1           2  0.9    19    18     269    (-,-) 
  ex_stage_i/fpu_gen.fpu_i_fpu_gen.i_fpnew_bulk_gen_operation_groups[3].i_opgroup_block_gen_merged_slice.i_multifmt_slice_gen_num_lanes[0].active_lane.lane_instance.i_fpnew_cast_multi_srl_492_2980_g11743/X                                              -       A->X  F     HDBLVT20_INV_1             1  0.5     8     9     278    (-,-) 
  ex_stage_i/fpu_gen.fpu_i_fpu_gen.i_fpnew_bulk_gen_operation_groups[3].i_opgroup_block_gen_merged_slice.i_multifmt_slice_gen_num_lanes[0].active_lane.lane_instance.i_fpnew_cast_multi_srl_492_2980_g11641/X                                              -       B1->X R     HDBLVT20_OAI22_1           2  0.9    19    16     294    (-,-) 
  ex_stage_i/fpu_gen.fpu_i_fpu_gen.i_fpnew_bulk_gen_operation_groups[3].i_opgroup_block_gen_merged_slice.i_multifmt_slice_gen_num_lanes[0].active_lane.lane_instance.i_fpnew_cast_multi_srl_492_2980_g12281/X                                              -       A->X  R     HDBLVT20_NR2B_0P5          2  0.9    15    27     321    (-,-) 
  ex_stage_i/fpu_gen.fpu_i_fpu_gen.i_fpnew_bulk_gen_operation_groups[3].i_opgroup_block_gen_merged_slice.i_multifmt_slice_gen_num_lanes[0].active_lane.lane_instance.i_fpnew_cast_multi_srl_492_2980_g11450/X                                              -       B1->X R     HDBLVT20_AO2BB2_1          2  0.8    15    22     344    (-,-) 
  ex_stage_i/fpu_gen.fpu_i_fpu_gen.i_fpnew_bulk_gen_operation_groups[3].i_opgroup_block_gen_merged_slice.i_multifmt_slice_gen_num_lanes[0].active_lane.lane_instance.i_fpnew_cast_multi_srl_492_2980_g11365/X                                              -       A1->X F     HDBLVT20_ND2_MM_0P5        2  0.9    25    22     366    (-,-) 
  ex_stage_i/fpu_gen.fpu_i_fpu_gen.i_fpnew_bulk_gen_operation_groups[3].i_opgroup_block_gen_merged_slice.i_multifmt_slice_gen_num_lanes[0].active_lane.lane_instance.i_fpnew_cast_multi_srl_492_2980_g11174/X                                              -       B1->X R     HDBLVT20_OAI22_1           1  0.4    16    18     384    (-,-) 
  ex_stage_i/g10124/X                                                                                                                                                                                                                                      -       A1->X F     HDBLVT20_NR2_MM_1          1  0.5    11    12     396    (-,-) 
  ex_stage_i/g10119/X                                                                                                                                                                                                                                      -       A->X  R     HDBLVT20_OR3B_1            1  0.4     7     9     405    (-,-) 
  ex_stage_i/g9903/X                                                                                                                                                                                                                                       -       A2->X F     HDBLVT20_NR2_MM_1          1  0.4     9     9     414    (-,-) 
  ex_stage_i/g9725/X                                                                                                                                                                                                                                       -       A1->X R     HDBLVT20_ND4_MM_1          1  0.5    11    10     424    (-,-) 
  ex_stage_i/g9696/X                                                                                                                                                                                                                                       -       A->X  F     HDBLVT20_AN4B_1            1  1.0     8    10     433    (-,-) 
  ex_stage_i/g9677/X                                                                                                                                                                                                                                       -       A1->X R     HDBLVT20_ND2_2             3  1.7     9     9     442    (-,-) 
  ex_stage_i/g9545/X                                                                                                                                                                                                                                       -       A1->X F     HDBLVT20_NR2_MM_1P5        2  1.0     9     9     451    (-,-) 
  ex_stage_i/g9382/X                                                                                                                                                                                                                                       -       A1->X R     HDBLVT20_OAI21B_1          2  0.8    14    12     463    (-,-) 
  ex_stage_i/g9343/X                                                                                                                                                                                                                                       -       A1->X F     HDBLVT20_NR2_MM_1          1  0.5    12    12     475    (-,-) 
  ex_stage_i/g9294/X                                                                                                                                                                                                                                       -       A1->X R     HDBLVT20_OAI21B_1          1  0.9    14    14     489    (-,-) 
  ex_stage_i/g9257/X                                                                                                                                                                                                                                       -       A1->X F     HDBLVT20_AOI21_MM_2        2  1.9    16    16     505    (-,-) 
  ex_stage_i/g9251/X                                                                                                                                                                                                                                       -       S->X  F     HDBLVT20_MUXI2_V2_2        4  2.5    25    21     526    (-,-) 
  ex_stage_i/final_adder_fpu_gen.fpu_i_fpu_gen.i_fpnew_bulk_gen_operation_groups[3].i_opgroup_block_gen_merged_slice.i_multifmt_slice_gen_num_lanes[0].active_lane.lane_instance.i_fpnew_cast_multi_mux_604_34_g2148/X                                     -       A1->X R     HDBLVT20_ND2_2             3  2.3    16    16     541    (-,-) 
  ex_stage_i/final_adder_fpu_gen.fpu_i_fpu_gen.i_fpnew_bulk_gen_operation_groups[3].i_opgroup_block_gen_merged_slice.i_multifmt_slice_gen_num_lanes[0].active_lane.lane_instance.i_fpnew_cast_multi_mux_604_34_g2118/X                                     -       A->X  F     HDBLVT20_INV_0P75          1  0.5     8    10     551    (-,-) 
  ex_stage_i/final_adder_fpu_gen.fpu_i_fpu_gen.i_fpnew_bulk_gen_operation_groups[3].i_opgroup_block_gen_merged_slice.i_multifmt_slice_gen_num_lanes[0].active_lane.lane_instance.i_fpnew_cast_multi_mux_604_34_g2053/X                                     -       A1->X R     HDBLVT20_NR2_1             1  0.5    10    10     562    (-,-) 
  ex_stage_i/g3833/X                                                                                                                                                                                                                                       -       A1->X F     HDBLVT20_ND2_1             1  1.0    15    12     574    (-,-) 
  ex_stage_i/g3701/X                                                                                                                                                                                                                                       -       A1->X R     HDBLVT20_ND2_2             4  2.0    14    12     585    (-,-) 
  ex_stage_i/final_adder_fpu_gen.fpu_i_fpu_gen.i_fpnew_bulk_gen_operation_groups[3].i_opgroup_block_gen_merged_slice.i_multifmt_slice_gen_num_lanes[0].active_lane.lane_instance.i_fpnew_cast_multi_mux_ifmt_rounded_signed_res[int_fmt_q2]_622_28_g2841/X -       A1->X F     HDBLVT20_ND2_1             3  2.6    27    22     607    (-,-) 
  ex_stage_i/final_adder_fpu_gen.fpu_i_fpu_gen.i_fpnew_bulk_gen_operation_groups[3].i_opgroup_block_gen_merged_slice.i_multifmt_slice_gen_num_lanes[0].active_lane.lane_instance.i_fpnew_cast_multi_mux_ifmt_rounded_signed_res[int_fmt_q2]_622_28_g2537/X -       A2->X R     HDBLVT20_OAI21_2           2  2.0    16    22     629    (-,-) 
  ex_stage_i/final_adder_fpu_gen.fpu_i_fpu_gen.i_fpnew_bulk_gen_operation_groups[3].i_opgroup_block_gen_merged_slice.i_multifmt_slice_gen_num_lanes[0].active_lane.lane_instance.i_fpnew_cast_multi_mux_ifmt_rounded_signed_res[int_fmt_q2]_622_28_g2516/X -       A2->X F     HDBLVT20_AOI21_MM_2        2  1.9    16    18     646    (-,-) 
  ex_stage_i/final_adder_fpu_gen.fpu_i_fpu_gen.i_fpnew_bulk_gen_operation_groups[3].i_opgroup_block_gen_merged_slice.i_multifmt_slice_gen_num_lanes[0].active_lane.lane_instance.i_fpnew_cast_multi_mux_ifmt_rounded_signed_res[int_fmt_q2]_622_28_g2508/X -       A1->X R     HDBLVT20_OAI21_MM_2        3  2.5    18    18     664    (-,-) 
  ex_stage_i/final_adder_fpu_gen.fpu_i_fpu_gen.i_fpnew_bulk_gen_operation_groups[3].i_opgroup_block_gen_merged_slice.i_multifmt_slice_gen_num_lanes[0].active_lane.lane_instance.i_fpnew_cast_multi_mux_ifmt_rounded_signed_res[int_fmt_q2]_622_28_g2505/X -       A2->X R     HDBLVT20_AO21B_3           2  1.9     9    23     688    (-,-) 
  ex_stage_i/final_adder_fpu_gen.fpu_i_fpu_gen.i_fpnew_bulk_gen_operation_groups[3].i_opgroup_block_gen_merged_slice.i_multifmt_slice_gen_num_lanes[0].active_lane.lane_instance.i_fpnew_cast_multi_mux_ifmt_rounded_signed_res[int_fmt_q2]_622_28_g2502/X -       A1->X F     HDBLVT20_AOI21B_2          2  1.8    12    12     699    (-,-) 
  ex_stage_i/final_adder_fpu_gen.fpu_i_fpu_gen.i_fpnew_bulk_gen_operation_groups[3].i_opgroup_block_gen_merged_slice.i_multifmt_slice_gen_num_lanes[0].active_lane.lane_instance.i_fpnew_cast_multi_mux_ifmt_rounded_signed_res[int_fmt_q2]_622_28_g2498/X -       A1->X R     HDBLVT20_OAI21_2           4  2.8    19    18     717    (-,-) 
  ex_stage_i/final_adder_fpu_gen.fpu_i_fpu_gen.i_fpnew_bulk_gen_operation_groups[3].i_opgroup_block_gen_merged_slice.i_multifmt_slice_gen_num_lanes[0].active_lane.lane_instance.i_fpnew_cast_multi_mux_ifmt_rounded_signed_res[int_fmt_q2]_622_28_g2495/X -       B->X  F     HDBLVT20_ND2B_2            2  1.4    12    12     730    (-,-) 
  ex_stage_i/final_adder_fpu_gen.fpu_i_fpu_gen.i_fpnew_bulk_gen_operation_groups[3].i_opgroup_block_gen_merged_slice.i_multifmt_slice_gen_num_lanes[0].active_lane.lane_instance.i_fpnew_cast_multi_mux_ifmt_rounded_signed_res[int_fmt_q2]_622_28_g2490/X -       A1->X R     HDBLVT20_OAI22_2           1  1.0    15    12     741    (-,-) 
  ex_stage_i/final_adder_fpu_gen.fpu_i_fpu_gen.i_fpnew_bulk_gen_operation_groups[3].i_opgroup_block_gen_merged_slice.i_multifmt_slice_gen_num_lanes[0].active_lane.lane_instance.i_fpnew_cast_multi_mux_ifmt_rounded_signed_res[int_fmt_q2]_622_28_g2484/X -       A1->X F     HDBLVT20_NR2_2             4  2.6    11    11     752    (-,-) 
  ex_stage_i/final_adder_fpu_gen.fpu_i_fpu_gen.i_fpnew_bulk_gen_operation_groups[3].i_opgroup_block_gen_merged_slice.i_multifmt_slice_gen_num_lanes[0].active_lane.lane_instance.i_fpnew_cast_multi_mux_ifmt_rounded_signed_res[int_fmt_q2]_622_28_g2480/X -       A->X  R     HDBLVT20_AN3B_2            1  0.9    10    12     765    (-,-) 
  ex_stage_i/final_adder_fpu_gen.fpu_i_fpu_gen.i_fpnew_bulk_gen_operation_groups[3].i_opgroup_block_gen_merged_slice.i_multifmt_slice_gen_num_lanes[0].active_lane.lane_instance.i_fpnew_cast_multi_mux_ifmt_rounded_signed_res[int_fmt_q2]_622_28_g2467/X -       B1->X F     HDBLVT20_AOI211_2          4  2.7    20    10     775    (-,-) 
  ex_stage_i/final_adder_fpu_gen.fpu_i_fpu_gen.i_fpnew_bulk_gen_operation_groups[3].i_opgroup_block_gen_merged_slice.i_multifmt_slice_gen_num_lanes[0].active_lane.lane_instance.i_fpnew_cast_multi_mux_ifmt_rounded_signed_res[int_fmt_q2]_622_28_g2464/X -       A1->X R     HDBLVT20_NR2_1P5           2  1.4    13    14     789    (-,-) 
  ex_stage_i/final_adder_fpu_gen.fpu_i_fpu_gen.i_fpnew_bulk_gen_operation_groups[3].i_opgroup_block_gen_merged_slice.i_multifmt_slice_gen_num_lanes[0].active_lane.lane_instance.i_fpnew_cast_multi_mux_ifmt_rounded_signed_res[int_fmt_q2]_622_28_g2437/X -       A1->X F     HDBLVT20_AOI21_2           4  2.4    16    16     805    (-,-) 
  ex_stage_i/final_adder_fpu_gen.fpu_i_fpu_gen.i_fpnew_bulk_gen_operation_groups[3].i_opgroup_block_gen_merged_slice.i_multifmt_slice_gen_num_lanes[0].active_lane.lane_instance.i_fpnew_cast_multi_mux_ifmt_rounded_signed_res[int_fmt_q2]_622_28_g2415/X -       A1->X R     HDBLVT20_OAI21_MM_2        2  1.4    13    15     820    (-,-) 
  ex_stage_i/final_adder_fpu_gen.fpu_i_fpu_gen.i_fpnew_bulk_gen_operation_groups[3].i_opgroup_block_gen_merged_slice.i_multifmt_slice_gen_num_lanes[0].active_lane.lane_instance.i_fpnew_cast_multi_mux_ifmt_rounded_signed_res[int_fmt_q2]_622_28_g2402/X -       A1->X F     HDBLVT20_ND2_MM_2          2  1.4    10    11     830    (-,-) 
  ex_stage_i/final_adder_fpu_gen.fpu_i_fpu_gen.i_fpnew_bulk_gen_operation_groups[3].i_opgroup_block_gen_merged_slice.i_multifmt_slice_gen_num_lanes[0].active_lane.lane_instance.i_fpnew_cast_multi_mux_ifmt_rounded_signed_res[int_fmt_q2]_622_28_g2383/X -       A1->X R     HDBLVT20_OAI21_2           3  2.4    17    16     846    (-,-) 
  ex_stage_i/final_adder_fpu_gen.fpu_i_fpu_gen.i_fpnew_bulk_gen_operation_groups[3].i_opgroup_block_gen_merged_slice.i_multifmt_slice_gen_num_lanes[0].active_lane.lane_instance.i_fpnew_cast_multi_mux_ifmt_rounded_signed_res[int_fmt_q2]_622_28_g2370/X -       A1->X F     HDBLVT20_AOI21B_2          2  1.4    12    13     859    (-,-) 
  ex_stage_i/final_adder_fpu_gen.fpu_i_fpu_gen.i_fpnew_bulk_gen_operation_groups[3].i_opgroup_block_gen_merged_slice.i_multifmt_slice_gen_num_lanes[0].active_lane.lane_instance.i_fpnew_cast_multi_mux_ifmt_rounded_signed_res[int_fmt_q2]_622_28_g2366/X -       A1->X R     HDBLVT20_OAI21B_1          1  0.9    14    14     873    (-,-) 
  ex_stage_i/final_adder_fpu_gen.fpu_i_fpu_gen.i_fpnew_bulk_gen_operation_groups[3].i_opgroup_block_gen_merged_slice.i_multifmt_slice_gen_num_lanes[0].active_lane.lane_instance.i_fpnew_cast_multi_mux_ifmt_rounded_signed_res[int_fmt_q2]_622_28_g2363/X -       A1->X R     HDBLVT20_EN2_V2_1          2  1.0    15    22     895    (-,-) 
  ex_stage_i/g151560/X                                                                                                                                                                                                                                     -       B1->X F     HDBLVT20_OAI22_1           1  0.5    15    15     910    (-,-) 
  ex_stage_i/g150776/X                                                                                                                                                                                                                                     -       B1->X R     HDBLVT20_AOI32_1           1  0.9    32    18     928    (-,-) 
  ex_stage_i/g148554/X                                                                                                                                                                                                                                     -       A1->X F     HDBLVT20_OAI21_2           2  2.1    15    19     947    (-,-) 
  ex_stage_i/g148384/X                                                                                                                                                                                                                                     -       A1->X R     HDBLVT20_NR2_3             4  2.4    13    14     961    (-,-) 
  ex_stage_i/g148062/X                                                                                                                                                                                                                                     -       B1->X R     HDBLVT20_AO2BB2_1          2  1.0    15    22     983    (-,-) 
  ex_stage_i/g147876/X                                                                                                                                                                                                                                     -       A1->X F     HDBLVT20_NR2_1             4  2.1    15    14     997    (-,-) 
  ex_stage_i/g147686/X                                                                                                                                                                                                                                     -       B->X  R     HDBLVT20_NR2B_V1_1         3  1.8    22    21    1018    (-,-) 
  ex_stage_i/g146848/X                                                                                                                                                                                                                                     -       A1->X F     HDBLVT20_OAOI211_2         3  1.9    33    18    1037    (-,-) 
  ex_stage_i/g146579/X                                                                                                                                                                                                                                     -       A1->X F     HDBLVT20_AN2_DMM_8        19 17.0    16    35    1072    (-,-) 
  ex_stage_i/g146268/X                                                                                                                                                                                                                                     -       A1->X R     HDBLVT20_ND2_2            13  5.2    20    18    1090    (-,-) 
  g207159/X                                                                                                                                                                                                                                                -       A->X  F     HDBLVT20_INV_1             5  2.5    15    16    1106    (-,-) 
  g198072/X                                                                                                                                                                                                                                                -       A1->X R     HDBLVT20_OAI21_MM_0P5      3  1.3    24    20    1127    (-,-) 
  g196532/X                                                                                                                                                                                                                                                -       B1->X F     HDBLVT20_AOI22_0P75        1  0.5    51    19    1146    (-,-) 
  g196386/X                                                                                                                                                                                                                                                -       A2->X R     HDBLVT20_ND2_MM_1          1  0.4    16    18    1165    (-,-) 
  g196211/X                                                                                                                                                                                                                                                -       A1->X F     HDBLVT20_NR2_MM_1          1  0.5    10    12    1177    (-,-) 
  g195804/X                                                                                                                                                                                                                                                -       A1->X R     HDBLVT20_OAI21_MM_0P5      4  0.9    21    16    1193    (-,-) 
  ex_stage_i/vaddr_to_be_flushed_reg[45]/D                                                                                                                                                                                                                 -       -     R     HDBLVT20_FSDPRBQ_D_1       4    -     -     0    1193    (-,-) 
#---------------------------------------------------------------------------------------------------------------------------------------------------------------------------------------------------------------------------------------------------------------------------------------------------------------------------------------------



Path 3: MET (11 ps) Setup Check with Pin ex_stage_i/vaddr_to_be_flushed_reg[45]/CK->D
          Group: clk
     Startpoint: (R) ex_stage_i/fpu_gen.fpu_i_fpu_gen.i_fpnew_bulk_gen_operation_groups[3].i_opgroup_block_gen_merged_slice.i_multifmt_slice_gen_num_lanes[0].active_lane.lane_instance.i_fpnew_cast_multi_mid_pipe_dst_fmt_q_reg[1][2]/CK
          Clock: (R) clk
       Endpoint: (R) ex_stage_i/vaddr_to_be_flushed_reg[45]/D
          Clock: (R) clk

                     Capture       Launch     
        Clock Edge:+    1250            0     
       Src Latency:+       0            0     
       Net Latency:+       0 (I)        0 (I) 
           Arrival:=    1250            0     
                                              
             Setup:-      46                  
     Required Time:=    1204                  
      Launch Clock:-       0                  
         Data Path:-    1193                  
             Slack:=      11                  

#----------------------------------------------------------------------------------------------------------------------------------------------------------------------------------------------------------------------------------------------------------------------------------------------------------------------------------------------
#                                                                                                                      Timing Point                                                                                                                        Flags    Arc   Edge         Cell           Fanout Load Trans Delay Arrival Instance 
#                                                                                                                                                                                                                                                                                                            (fF)  (ps)  (ps)   (ps)  Location 
#----------------------------------------------------------------------------------------------------------------------------------------------------------------------------------------------------------------------------------------------------------------------------------------------------------------------------------------------
  ex_stage_i/fpu_gen.fpu_i_fpu_gen.i_fpnew_bulk_gen_operation_groups[3].i_opgroup_block_gen_merged_slice.i_multifmt_slice_gen_num_lanes[0].active_lane.lane_instance.i_fpnew_cast_multi_mid_pipe_dst_fmt_q_reg[1][2]/CK                                    -       -      R     (arrival)              23656    -     0     0       0    (-,-) 
  ex_stage_i/fpu_gen.fpu_i_fpu_gen.i_fpnew_bulk_gen_operation_groups[3].i_opgroup_block_gen_merged_slice.i_multifmt_slice_gen_num_lanes[0].active_lane.lane_instance.i_fpnew_cast_multi_mid_pipe_dst_fmt_q_reg[1][2]/Q                                     -       CK->Q  R     HDBLVT20_FSDPRBQ_D_1       7  4.5    31    55      55    (-,-) 
  ex_stage_i/g4149/X                                                                                                                                                                                                                                       -       A2->X  F     HDBLVT20_NR2_MM_2          4  2.3    17    21      76    (-,-) 
  ex_stage_i/g4112/X                                                                                                                                                                                                                                       -       A1->X  R     HDBLVT20_ND2_MM_2          3  1.5    10    12      88    (-,-) 
  ex_stage_i/g4073/X                                                                                                                                                                                                                                       -       A1->X  F     HDBLVT20_ND2_1             3  1.5    18    15     103    (-,-) 
  ex_stage_i/g4031/X                                                                                                                                                                                                                                       -       A1->X  R     HDBLVT20_NR2_1             2  1.4    19    18     121    (-,-) 
  ex_stage_i/g4025/X                                                                                                                                                                                                                                       -       A1->X  F     HDBLVT20_ND2_MM_1          2  1.0    14    15     136    (-,-) 
  ex_stage_i/g4022/X                                                                                                                                                                                                                                       -       A->X   R     HDBLVT20_INV_1             1  0.5     7     9     146    (-,-) 
  ex_stage_i/g4014/X                                                                                                                                                                                                                                       -       A2->X  F     HDBLVT20_OAI21_MM_1        1  1.6    23    20     165    (-,-) 
  ex_stage_i/g3926/CO                                                                                                                                                                                                                                      -       CI->CO F     HDBLVT20_ADDF_V1_1         2  1.4    14    34     200    (-,-) 
  ex_stage_i/g3921/X                                                                                                                                                                                                                                       -       A1->X  F     HDBLVT20_AO21B_1           3  1.4    16    23     222    (-,-) 
  ex_stage_i/g3915/X                                                                                                                                                                                                                                       -       B1->X  F     HDBLVT20_OA2BB2_1          1  0.5    10    21     243    (-,-) 
  ex_stage_i/g3907/X                                                                                                                                                                                                                                       -       B1->X  R     HDBLVT20_OAI221_1          3  2.5    37    24     267    (-,-) 
  ex_stage_i/fpu_gen.fpu_i_fpu_gen.i_fpnew_bulk_gen_operation_groups[3].i_opgroup_block_gen_merged_slice.i_multifmt_slice_gen_num_lanes[0].active_lane.lane_instance.i_fpnew_cast_multi_srl_492_2980_g12169/X                                              -       A->X   R     HDBLVT20_BUF_D_8          40 21.2    20    35     302    (-,-) 
  ex_stage_i/fpu_gen.fpu_i_fpu_gen.i_fpnew_bulk_gen_operation_groups[3].i_opgroup_block_gen_merged_slice.i_multifmt_slice_gen_num_lanes[0].active_lane.lane_instance.i_fpnew_cast_multi_srl_492_2980_g12168/X                                              -       A->X   F     HDBLVT20_INV_5            31 14.5    17    17     319    (-,-) 
  ex_stage_i/fpu_gen.fpu_i_fpu_gen.i_fpnew_bulk_gen_operation_groups[3].i_opgroup_block_gen_merged_slice.i_multifmt_slice_gen_num_lanes[0].active_lane.lane_instance.i_fpnew_cast_multi_srl_492_2980_g12159/X                                              -       A->X   R     HDBLVT20_INV_5            28 12.3    18    17     336    (-,-) 
  ex_stage_i/fpu_gen.fpu_i_fpu_gen.i_fpnew_bulk_gen_operation_groups[3].i_opgroup_block_gen_merged_slice.i_multifmt_slice_gen_num_lanes[0].active_lane.lane_instance.i_fpnew_cast_multi_srl_492_2980_g12277/X                                              -       B->X   F     HDBLVT20_NR2B_0P5          2  1.0    16    17     353    (-,-) 
  ex_stage_i/fpu_gen.fpu_i_fpu_gen.i_fpnew_bulk_gen_operation_groups[3].i_opgroup_block_gen_merged_slice.i_multifmt_slice_gen_num_lanes[0].active_lane.lane_instance.i_fpnew_cast_multi_srl_492_2980_g11160/X                                              -       B1->X  F     HDBLVT20_AO2BB2_1          1  0.4    16    21     374    (-,-) 
  ex_stage_i/g10116/X                                                                                                                                                                                                                                      -       A3->X  R     HDBLVT20_NR4_0P5           1  0.4    19    22     396    (-,-) 
  ex_stage_i/g9809/X                                                                                                                                                                                                                                       -       A2->X  F     HDBLVT20_ND4_MM_1          1  0.5    20    20     416    (-,-) 
  ex_stage_i/g9707/X                                                                                                                                                                                                                                       -       A2->X  R     HDBLVT20_NR2_1             1  1.1    17    19     434    (-,-) 
  ex_stage_i/g9677/X                                                                                                                                                                                                                                       -       A2->X  F     HDBLVT20_ND2_2             3  1.7    12    14     448    (-,-) 
  ex_stage_i/g9545/X                                                                                                                                                                                                                                       -       A1->X  R     HDBLVT20_NR2_MM_1P5        2  1.0    10    11     459    (-,-) 
  ex_stage_i/g9382/X                                                                                                                                                                                                                                       -       A1->X  F     HDBLVT20_OAI21B_1          2  0.8    17    11     470    (-,-) 
  ex_stage_i/g9343/X                                                                                                                                                                                                                                       -       A1->X  R     HDBLVT20_NR2_MM_1          1  0.5    11    12     482    (-,-) 
  ex_stage_i/g9294/X                                                                                                                                                                                                                                       -       A1->X  F     HDBLVT20_OAI21B_1          1  0.9    15    12     494    (-,-) 
  ex_stage_i/g9257/X                                                                                                                                                                                                                                       -       A1->X  R     HDBLVT20_AOI21_MM_2        2  1.9    14    17     511    (-,-) 
  ex_stage_i/g9251/X                                                                                                                                                                                                                                       -       S->X   R     HDBLVT20_MUXI2_V2_2        4  2.4    25    19     530    (-,-) 
  ex_stage_i/final_adder_fpu_gen.fpu_i_fpu_gen.i_fpnew_bulk_gen_operation_groups[3].i_opgroup_block_gen_merged_slice.i_multifmt_slice_gen_num_lanes[0].active_lane.lane_instance.i_fpnew_cast_multi_mux_604_34_g1995/X                                     -       A1->X  F     HDBLVT20_AOI21B_1          2  1.0    16    17     547    (-,-) 
  ex_stage_i/final_adder_fpu_gen.fpu_i_fpu_gen.i_fpnew_bulk_gen_operation_groups[3].i_opgroup_block_gen_merged_slice.i_multifmt_slice_gen_num_lanes[0].active_lane.lane_instance.i_fpnew_cast_multi_mux_604_34_g1976/X                                     -       A1->X  R     HDBLVT20_OAI21B_1          2  1.4    19    18     565    (-,-) 
  ex_stage_i/final_adder_fpu_gen.fpu_i_fpu_gen.i_fpnew_bulk_gen_operation_groups[3].i_opgroup_block_gen_merged_slice.i_multifmt_slice_gen_num_lanes[0].active_lane.lane_instance.i_fpnew_cast_multi_mux_604_34_g1966/X                                     -       B->X   F     HDBLVT20_ND2B_2            2  1.4    12    12     578    (-,-) 
  ex_stage_i/final_adder_fpu_gen.fpu_i_fpu_gen.i_fpnew_bulk_gen_operation_groups[3].i_opgroup_block_gen_merged_slice.i_multifmt_slice_gen_num_lanes[0].active_lane.lane_instance.i_fpnew_cast_multi_mux_604_34_g1960/X                                     -       A1->X  R     HDBLVT20_ND2_MM_2          3  2.0    11    11     589    (-,-) 
  ex_stage_i/final_adder_fpu_gen.fpu_i_fpu_gen.i_fpnew_bulk_gen_operation_groups[3].i_opgroup_block_gen_merged_slice.i_multifmt_slice_gen_num_lanes[0].active_lane.lane_instance.i_fpnew_cast_multi_mux_604_34_g1948/X                                     -       A1->X  F     HDBLVT20_AOI21B_2          2  1.2    10    11     599    (-,-) 
  ex_stage_i/final_adder_fpu_gen.fpu_i_fpu_gen.i_fpnew_bulk_gen_operation_groups[3].i_opgroup_block_gen_merged_slice.i_multifmt_slice_gen_num_lanes[0].active_lane.lane_instance.i_fpnew_cast_multi_mux_604_34_g1947/X                                     -       A->X   R     HDBLVT20_INV_1             2  1.4    11    11     611    (-,-) 
  ex_stage_i/final_adder_fpu_gen.fpu_i_fpu_gen.i_fpnew_bulk_gen_operation_groups[3].i_opgroup_block_gen_merged_slice.i_multifmt_slice_gen_num_lanes[0].active_lane.lane_instance.i_fpnew_cast_multi_mux_604_34_g1927/X                                     -       A1->X  F     HDBLVT20_AOI21_MM_2        2  1.5    14    14     624    (-,-) 
  ex_stage_i/final_adder_fpu_gen.fpu_i_fpu_gen.i_fpnew_bulk_gen_operation_groups[3].i_opgroup_block_gen_merged_slice.i_multifmt_slice_gen_num_lanes[0].active_lane.lane_instance.i_fpnew_cast_multi_mux_604_34_g2159/X                                     -       A1->X  R     HDBLVT20_OAI21_MM_1        1  0.9    15    15     640    (-,-) 
  ex_stage_i/final_adder_fpu_gen.fpu_i_fpu_gen.i_fpnew_bulk_gen_operation_groups[3].i_opgroup_block_gen_merged_slice.i_multifmt_slice_gen_num_lanes[0].active_lane.lane_instance.i_fpnew_cast_multi_mux_604_34_g1905/X                                     -       A1->X  R     HDBLVT20_EN2_V2_1          1  0.5    11    20     660    (-,-) 
  ex_stage_i/g3707/X                                                                                                                                                                                                                                       -       A1->X  R     HDBLVT20_AO21_2            4  2.9    13    25     685    (-,-) 
  ex_stage_i/final_adder_fpu_gen.fpu_i_fpu_gen.i_fpnew_bulk_gen_operation_groups[3].i_opgroup_block_gen_merged_slice.i_multifmt_slice_gen_num_lanes[0].active_lane.lane_instance.i_fpnew_cast_multi_mux_ifmt_rounded_signed_res[int_fmt_q2]_622_28_g2830/X -       A1->X  F     HDBLVT20_NR2_2             3  1.6    10     9     694    (-,-) 
  ex_stage_i/final_adder_fpu_gen.fpu_i_fpu_gen.i_fpnew_bulk_gen_operation_groups[3].i_opgroup_block_gen_merged_slice.i_multifmt_slice_gen_num_lanes[0].active_lane.lane_instance.i_fpnew_cast_multi_mux_ifmt_rounded_signed_res[int_fmt_q2]_622_28_g2671/X -       A2->X  R     HDBLVT20_NR2_1             2  1.5    19    18     711    (-,-) 
  ex_stage_i/final_adder_fpu_gen.fpu_i_fpu_gen.i_fpnew_bulk_gen_operation_groups[3].i_opgroup_block_gen_merged_slice.i_multifmt_slice_gen_num_lanes[0].active_lane.lane_instance.i_fpnew_cast_multi_mux_ifmt_rounded_signed_res[int_fmt_q2]_622_28_g2576/X -       A2->X  F     HDBLVT20_ND3_2             2  1.3    16    18     729    (-,-) 
  ex_stage_i/final_adder_fpu_gen.fpu_i_fpu_gen.i_fpnew_bulk_gen_operation_groups[3].i_opgroup_block_gen_merged_slice.i_multifmt_slice_gen_num_lanes[0].active_lane.lane_instance.i_fpnew_cast_multi_mux_ifmt_rounded_signed_res[int_fmt_q2]_622_28_g2538/X -       A1->X  R     HDBLVT20_NR2_MM_2          2  1.5    12    12     741    (-,-) 
  ex_stage_i/final_adder_fpu_gen.fpu_i_fpu_gen.i_fpnew_bulk_gen_operation_groups[3].i_opgroup_block_gen_merged_slice.i_multifmt_slice_gen_num_lanes[0].active_lane.lane_instance.i_fpnew_cast_multi_mux_ifmt_rounded_signed_res[int_fmt_q2]_622_28_g2480/X -       B2->X  R     HDBLVT20_AN3B_2            1  0.9    10    23     765    (-,-) 
  ex_stage_i/final_adder_fpu_gen.fpu_i_fpu_gen.i_fpnew_bulk_gen_operation_groups[3].i_opgroup_block_gen_merged_slice.i_multifmt_slice_gen_num_lanes[0].active_lane.lane_instance.i_fpnew_cast_multi_mux_ifmt_rounded_signed_res[int_fmt_q2]_622_28_g2467/X -       B1->X  F     HDBLVT20_AOI211_2          4  2.7    20    10     775    (-,-) 
  ex_stage_i/final_adder_fpu_gen.fpu_i_fpu_gen.i_fpnew_bulk_gen_operation_groups[3].i_opgroup_block_gen_merged_slice.i_multifmt_slice_gen_num_lanes[0].active_lane.lane_instance.i_fpnew_cast_multi_mux_ifmt_rounded_signed_res[int_fmt_q2]_622_28_g2464/X -       A1->X  R     HDBLVT20_NR2_1P5           2  1.4    13    14     789    (-,-) 
  ex_stage_i/final_adder_fpu_gen.fpu_i_fpu_gen.i_fpnew_bulk_gen_operation_groups[3].i_opgroup_block_gen_merged_slice.i_multifmt_slice_gen_num_lanes[0].active_lane.lane_instance.i_fpnew_cast_multi_mux_ifmt_rounded_signed_res[int_fmt_q2]_622_28_g2437/X -       A1->X  F     HDBLVT20_AOI21_2           4  2.4    16    16     805    (-,-) 
  ex_stage_i/final_adder_fpu_gen.fpu_i_fpu_gen.i_fpnew_bulk_gen_operation_groups[3].i_opgroup_block_gen_merged_slice.i_multifmt_slice_gen_num_lanes[0].active_lane.lane_instance.i_fpnew_cast_multi_mux_ifmt_rounded_signed_res[int_fmt_q2]_622_28_g2415/X -       A1->X  R     HDBLVT20_OAI21_MM_2        2  1.4    13    15     819    (-,-) 
  ex_stage_i/final_adder_fpu_gen.fpu_i_fpu_gen.i_fpnew_bulk_gen_operation_groups[3].i_opgroup_block_gen_merged_slice.i_multifmt_slice_gen_num_lanes[0].active_lane.lane_instance.i_fpnew_cast_multi_mux_ifmt_rounded_signed_res[int_fmt_q2]_622_28_g2402/X -       A1->X  F     HDBLVT20_ND2_MM_2          2  1.4    10    11     830    (-,-) 
  ex_stage_i/final_adder_fpu_gen.fpu_i_fpu_gen.i_fpnew_bulk_gen_operation_groups[3].i_opgroup_block_gen_merged_slice.i_multifmt_slice_gen_num_lanes[0].active_lane.lane_instance.i_fpnew_cast_multi_mux_ifmt_rounded_signed_res[int_fmt_q2]_622_28_g2383/X -       A1->X  R     HDBLVT20_OAI21_2           3  2.4    17    16     846    (-,-) 
  ex_stage_i/final_adder_fpu_gen.fpu_i_fpu_gen.i_fpnew_bulk_gen_operation_groups[3].i_opgroup_block_gen_merged_slice.i_multifmt_slice_gen_num_lanes[0].active_lane.lane_instance.i_fpnew_cast_multi_mux_ifmt_rounded_signed_res[int_fmt_q2]_622_28_g2370/X -       A1->X  F     HDBLVT20_AOI21B_2          2  1.4    12    13     859    (-,-) 
  ex_stage_i/final_adder_fpu_gen.fpu_i_fpu_gen.i_fpnew_bulk_gen_operation_groups[3].i_opgroup_block_gen_merged_slice.i_multifmt_slice_gen_num_lanes[0].active_lane.lane_instance.i_fpnew_cast_multi_mux_ifmt_rounded_signed_res[int_fmt_q2]_622_28_g2366/X -       A1->X  R     HDBLVT20_OAI21B_1          1  0.9    14    14     873    (-,-) 
  ex_stage_i/final_adder_fpu_gen.fpu_i_fpu_gen.i_fpnew_bulk_gen_operation_groups[3].i_opgroup_block_gen_merged_slice.i_multifmt_slice_gen_num_lanes[0].active_lane.lane_instance.i_fpnew_cast_multi_mux_ifmt_rounded_signed_res[int_fmt_q2]_622_28_g2363/X -       A1->X  R     HDBLVT20_EN2_V2_1          2  1.0    15    22     895    (-,-) 
  ex_stage_i/g151560/X                                                                                                                                                                                                                                     -       B1->X  F     HDBLVT20_OAI22_1           1  0.5    15    15     910    (-,-) 
  ex_stage_i/g150776/X                                                                                                                                                                                                                                     -       B1->X  R     HDBLVT20_AOI32_1           1  0.9    32    18     928    (-,-) 
  ex_stage_i/g148554/X                                                                                                                                                                                                                                     -       A1->X  F     HDBLVT20_OAI21_2           2  2.1    15    19     947    (-,-) 
  ex_stage_i/g148384/X                                                                                                                                                                                                                                     -       A1->X  R     HDBLVT20_NR2_3             4  2.4    13    14     961    (-,-) 
  ex_stage_i/g148062/X                                                                                                                                                                                                                                     -       B1->X  R     HDBLVT20_AO2BB2_1          2  1.0    15    22     983    (-,-) 
  ex_stage_i/g147876/X                                                                                                                                                                                                                                     -       A1->X  F     HDBLVT20_NR2_1             4  2.1    15    14     997    (-,-) 
  ex_stage_i/g147686/X                                                                                                                                                                                                                                     -       B->X   R     HDBLVT20_NR2B_V1_1         3  1.8    22    21    1018    (-,-) 
  ex_stage_i/g146848/X                                                                                                                                                                                                                                     -       A1->X  F     HDBLVT20_OAOI211_2         3  1.9    33    18    1037    (-,-) 
  ex_stage_i/g146579/X                                                                                                                                                                                                                                     -       A1->X  F     HDBLVT20_AN2_DMM_8        19 17.0    16    35    1072    (-,-) 
  ex_stage_i/g146268/X                                                                                                                                                                                                                                     -       A1->X  R     HDBLVT20_ND2_2            13  5.2    20    18    1090    (-,-) 
  g207159/X                                                                                                                                                                                                                                                -       A->X   F     HDBLVT20_INV_1             5  2.5    15    16    1106    (-,-) 
  g198072/X                                                                                                                                                                                                                                                -       A1->X  R     HDBLVT20_OAI21_MM_0P5      3  1.3    24    20    1127    (-,-) 
  g196532/X                                                                                                                                                                                                                                                -       B1->X  F     HDBLVT20_AOI22_0P75        1  0.5    51    19    1146    (-,-) 
  g196386/X                                                                                                                                                                                                                                                -       A2->X  R     HDBLVT20_ND2_MM_1          1  0.4    16    18    1165    (-,-) 
  g196211/X                                                                                                                                                                                                                                                -       A1->X  F     HDBLVT20_NR2_MM_1          1  0.5    10    12    1177    (-,-) 
  g195804/X                                                                                                                                                                                                                                                -       A1->X  R     HDBLVT20_OAI21_MM_0P5      4  0.9    21    16    1193    (-,-) 
  ex_stage_i/vaddr_to_be_flushed_reg[45]/D                                                                                                                                                                                                                 -       -      R     HDBLVT20_FSDPRBQ_D_1       4    -     -     0    1193    (-,-) 
#----------------------------------------------------------------------------------------------------------------------------------------------------------------------------------------------------------------------------------------------------------------------------------------------------------------------------------------------



Path 4: MET (12 ps) Setup Check with Pin ex_stage_i/vaddr_to_be_flushed_reg[45]/CK->D
          Group: clk
     Startpoint: (R) ex_stage_i/fpu_gen.fpu_i_fpu_gen.i_fpnew_bulk_gen_operation_groups[3].i_opgroup_block_gen_merged_slice.i_multifmt_slice_gen_num_lanes[0].active_lane.lane_instance.i_fpnew_cast_multi_mid_pipe_dst_fmt_q_reg[1][2]/CK
          Clock: (R) clk
       Endpoint: (R) ex_stage_i/vaddr_to_be_flushed_reg[45]/D
          Clock: (R) clk

                     Capture       Launch     
        Clock Edge:+    1250            0     
       Src Latency:+       0            0     
       Net Latency:+       0 (I)        0 (I) 
           Arrival:=    1250            0     
                                              
             Setup:-      46                  
     Required Time:=    1204                  
      Launch Clock:-       0                  
         Data Path:-    1193                  
             Slack:=      12                  

#---------------------------------------------------------------------------------------------------------------------------------------------------------------------------------------------------------------------------------------------------------------------------------------------------------------------------------------------
#                                                                                                                      Timing Point                                                                                                                        Flags   Arc   Edge         Cell           Fanout Load Trans Delay Arrival Instance 
#                                                                                                                                                                                                                                                                                                           (fF)  (ps)  (ps)   (ps)  Location 
#---------------------------------------------------------------------------------------------------------------------------------------------------------------------------------------------------------------------------------------------------------------------------------------------------------------------------------------------
  ex_stage_i/fpu_gen.fpu_i_fpu_gen.i_fpnew_bulk_gen_operation_groups[3].i_opgroup_block_gen_merged_slice.i_multifmt_slice_gen_num_lanes[0].active_lane.lane_instance.i_fpnew_cast_multi_mid_pipe_dst_fmt_q_reg[1][2]/CK                                    -       -     R     (arrival)              23656    -     0     0       0    (-,-) 
  ex_stage_i/fpu_gen.fpu_i_fpu_gen.i_fpnew_bulk_gen_operation_groups[3].i_opgroup_block_gen_merged_slice.i_multifmt_slice_gen_num_lanes[0].active_lane.lane_instance.i_fpnew_cast_multi_mid_pipe_dst_fmt_q_reg[1][2]/Q                                     -       CK->Q R     HDBLVT20_FSDPRBQ_D_1       7  4.5    31    55      55    (-,-) 
  ex_stage_i/g4149/X                                                                                                                                                                                                                                       -       A2->X F     HDBLVT20_NR2_MM_2          4  2.3    17    21      76    (-,-) 
  ex_stage_i/g4112/X                                                                                                                                                                                                                                       -       A1->X R     HDBLVT20_ND2_MM_2          3  1.5    10    12      88    (-,-) 
  ex_stage_i/g4073/X                                                                                                                                                                                                                                       -       A1->X F     HDBLVT20_ND2_1             3  1.5    18    15     103    (-,-) 
  ex_stage_i/g4062/X                                                                                                                                                                                                                                       -       B->X  R     HDBLVT20_OAI21_MM_0P5      2  1.4    23    16     118    (-,-) 
  ex_stage_i/g4033/X                                                                                                                                                                                                                                       -       A1->X F     HDBLVT20_ND2_MM_1          2  1.5    18    19     137    (-,-) 
  ex_stage_i/g4014/X                                                                                                                                                                                                                                       -       A1->X R     HDBLVT20_OAI21_MM_1        1  1.6    22    21     158    (-,-) 
  ex_stage_i/g3926/S                                                                                                                                                                                                                                       -       CI->S F     HDBLVT20_ADDF_V1_1         1  0.5    10    44     203    (-,-) 
  ex_stage_i/g3918/X                                                                                                                                                                                                                                       -       A2->X R     HDBLVT20_ND2_MM_1          1  0.5     8     9     212    (-,-) 
  ex_stage_i/g3914/X                                                                                                                                                                                                                                       -       B1->X F     HDBLVT20_OAI211_1          3  2.3    40    28     240    (-,-) 
  ex_stage_i/fpu_gen.fpu_i_fpu_gen.i_fpnew_bulk_gen_operation_groups[3].i_opgroup_block_gen_merged_slice.i_multifmt_slice_gen_num_lanes[0].active_lane.lane_instance.i_fpnew_cast_multi_srl_492_2980_g11945/X                                              -       A->X  F     HDBLVT20_BUF_M_4          22 10.4    16    30     270    (-,-) 
  ex_stage_i/fpu_gen.fpu_i_fpu_gen.i_fpnew_bulk_gen_operation_groups[3].i_opgroup_block_gen_merged_slice.i_multifmt_slice_gen_num_lanes[0].active_lane.lane_instance.i_fpnew_cast_multi_srl_492_2980_g11936/X                                              -       A->X  R     HDBLVT20_INV_2            15  7.8    25    22     291    (-,-) 
  ex_stage_i/fpu_gen.fpu_i_fpu_gen.i_fpnew_bulk_gen_operation_groups[3].i_opgroup_block_gen_merged_slice.i_multifmt_slice_gen_num_lanes[0].active_lane.lane_instance.i_fpnew_cast_multi_srl_492_2980_g11586/X                                              -       B2->X R     HDBLVT20_OA2BB2_1          2  1.0    16    29     320    (-,-) 
  ex_stage_i/fpu_gen.fpu_i_fpu_gen.i_fpnew_bulk_gen_operation_groups[3].i_opgroup_block_gen_merged_slice.i_multifmt_slice_gen_num_lanes[0].active_lane.lane_instance.i_fpnew_cast_multi_srl_492_2980_g11495/X                                              -       A1->X F     HDBLVT20_NR2_1             2  0.9    12    11     331    (-,-) 
  ex_stage_i/fpu_gen.fpu_i_fpu_gen.i_fpnew_bulk_gen_operation_groups[3].i_opgroup_block_gen_merged_slice.i_multifmt_slice_gen_num_lanes[0].active_lane.lane_instance.i_fpnew_cast_multi_srl_492_2980_g12277/X                                              -       A->X  F     HDBLVT20_NR2B_0P5          2  1.0    16    21     352    (-,-) 
  ex_stage_i/fpu_gen.fpu_i_fpu_gen.i_fpnew_bulk_gen_operation_groups[3].i_opgroup_block_gen_merged_slice.i_multifmt_slice_gen_num_lanes[0].active_lane.lane_instance.i_fpnew_cast_multi_srl_492_2980_g11160/X                                              -       B1->X F     HDBLVT20_AO2BB2_1          1  0.4    16    21     373    (-,-) 
  ex_stage_i/g10116/X                                                                                                                                                                                                                                      -       A3->X R     HDBLVT20_NR4_0P5           1  0.4    19    22     395    (-,-) 
  ex_stage_i/g9809/X                                                                                                                                                                                                                                       -       A2->X F     HDBLVT20_ND4_MM_1          1  0.5    20    20     416    (-,-) 
  ex_stage_i/g9707/X                                                                                                                                                                                                                                       -       A2->X R     HDBLVT20_NR2_1             1  1.1    17    19     434    (-,-) 
  ex_stage_i/g9677/X                                                                                                                                                                                                                                       -       A2->X F     HDBLVT20_ND2_2             3  1.7    12    14     448    (-,-) 
  ex_stage_i/g9545/X                                                                                                                                                                                                                                       -       A1->X R     HDBLVT20_NR2_MM_1P5        2  1.0    10    11     458    (-,-) 
  ex_stage_i/g9382/X                                                                                                                                                                                                                                       -       A1->X F     HDBLVT20_OAI21B_1          2  0.8    17    11     470    (-,-) 
  ex_stage_i/g9343/X                                                                                                                                                                                                                                       -       A1->X R     HDBLVT20_NR2_MM_1          1  0.5    11    12     482    (-,-) 
  ex_stage_i/g9294/X                                                                                                                                                                                                                                       -       A1->X F     HDBLVT20_OAI21B_1          1  0.9    15    12     494    (-,-) 
  ex_stage_i/g9257/X                                                                                                                                                                                                                                       -       A1->X R     HDBLVT20_AOI21_MM_2        2  1.9    14    17     511    (-,-) 
  ex_stage_i/g9251/X                                                                                                                                                                                                                                       -       S->X  R     HDBLVT20_MUXI2_V2_2        4  2.4    25    19     530    (-,-) 
  ex_stage_i/final_adder_fpu_gen.fpu_i_fpu_gen.i_fpnew_bulk_gen_operation_groups[3].i_opgroup_block_gen_merged_slice.i_multifmt_slice_gen_num_lanes[0].active_lane.lane_instance.i_fpnew_cast_multi_mux_604_34_g1995/X                                     -       A1->X F     HDBLVT20_AOI21B_1          2  1.0    16    17     547    (-,-) 
  ex_stage_i/final_adder_fpu_gen.fpu_i_fpu_gen.i_fpnew_bulk_gen_operation_groups[3].i_opgroup_block_gen_merged_slice.i_multifmt_slice_gen_num_lanes[0].active_lane.lane_instance.i_fpnew_cast_multi_mux_604_34_g1976/X                                     -       A1->X R     HDBLVT20_OAI21B_1          2  1.4    19    18     565    (-,-) 
  ex_stage_i/final_adder_fpu_gen.fpu_i_fpu_gen.i_fpnew_bulk_gen_operation_groups[3].i_opgroup_block_gen_merged_slice.i_multifmt_slice_gen_num_lanes[0].active_lane.lane_instance.i_fpnew_cast_multi_mux_604_34_g1975/X                                     -       A->X  F     HDBLVT20_INV_1             1  1.0    10    11     576    (-,-) 
  ex_stage_i/final_adder_fpu_gen.fpu_i_fpu_gen.i_fpnew_bulk_gen_operation_groups[3].i_opgroup_block_gen_merged_slice.i_multifmt_slice_gen_num_lanes[0].active_lane.lane_instance.i_fpnew_cast_multi_mux_604_34_g1973/X                                     -       A->X  R     HDBLVT20_INV_2             3  2.2     9    10     585    (-,-) 
  ex_stage_i/final_adder_fpu_gen.fpu_i_fpu_gen.i_fpnew_bulk_gen_operation_groups[3].i_opgroup_block_gen_merged_slice.i_multifmt_slice_gen_num_lanes[0].active_lane.lane_instance.i_fpnew_cast_multi_mux_604_34_g1961/X                                     -       A1->X F     HDBLVT20_AOI21_2           2  1.7    16    12     598    (-,-) 
  ex_stage_i/final_adder_fpu_gen.fpu_i_fpu_gen.i_fpnew_bulk_gen_operation_groups[3].i_opgroup_block_gen_merged_slice.i_multifmt_slice_gen_num_lanes[0].active_lane.lane_instance.i_fpnew_cast_multi_mux_604_34_g1954/X                                     -       A1->X R     HDBLVT20_NR2_MM_2          2  1.5    12    12     610    (-,-) 
  ex_stage_i/final_adder_fpu_gen.fpu_i_fpu_gen.i_fpnew_bulk_gen_operation_groups[3].i_opgroup_block_gen_merged_slice.i_multifmt_slice_gen_num_lanes[0].active_lane.lane_instance.i_fpnew_cast_multi_mux_604_34_g1937/X                                     -       A1->X F     HDBLVT20_AOI21B_2          2  1.4    11    11     622    (-,-) 
  ex_stage_i/final_adder_fpu_gen.fpu_i_fpu_gen.i_fpnew_bulk_gen_operation_groups[3].i_opgroup_block_gen_merged_slice.i_multifmt_slice_gen_num_lanes[0].active_lane.lane_instance.i_fpnew_cast_multi_mux_604_34_g2152/X                                     -       A1->X R     HDBLVT20_OAI21_MM_0P5      1  0.9    18    16     638    (-,-) 
  ex_stage_i/final_adder_fpu_gen.fpu_i_fpu_gen.i_fpnew_bulk_gen_operation_groups[3].i_opgroup_block_gen_merged_slice.i_multifmt_slice_gen_num_lanes[0].active_lane.lane_instance.i_fpnew_cast_multi_mux_604_34_g1909/X                                     -       A1->X R     HDBLVT20_EN2_V2_1          1  0.5    11    21     659    (-,-) 
  ex_stage_i/g3741/X                                                                                                                                                                                                                                       -       A1->X R     HDBLVT20_AO21_1            5  2.5    18    25     684    (-,-) 
  ex_stage_i/final_adder_fpu_gen.fpu_i_fpu_gen.i_fpnew_bulk_gen_operation_groups[3].i_opgroup_block_gen_merged_slice.i_multifmt_slice_gen_num_lanes[0].active_lane.lane_instance.i_fpnew_cast_multi_mux_ifmt_rounded_signed_res[int_fmt_q2]_622_28_g2754/X -       A1->X R     HDBLVT20_OR2_1             3  1.9    14    22     706    (-,-) 
  ex_stage_i/final_adder_fpu_gen.fpu_i_fpu_gen.i_fpnew_bulk_gen_operation_groups[3].i_opgroup_block_gen_merged_slice.i_multifmt_slice_gen_num_lanes[0].active_lane.lane_instance.i_fpnew_cast_multi_mux_ifmt_rounded_signed_res[int_fmt_q2]_622_28_g2544/X -       A1->X F     HDBLVT20_ND3_2             2  2.0    20    17     722    (-,-) 
  ex_stage_i/final_adder_fpu_gen.fpu_i_fpu_gen.i_fpnew_bulk_gen_operation_groups[3].i_opgroup_block_gen_merged_slice.i_multifmt_slice_gen_num_lanes[0].active_lane.lane_instance.i_fpnew_cast_multi_mux_ifmt_rounded_signed_res[int_fmt_q2]_622_28_g2490/X -       B2->X R     HDBLVT20_OAI22_2           1  1.0    15    18     741    (-,-) 
  ex_stage_i/final_adder_fpu_gen.fpu_i_fpu_gen.i_fpnew_bulk_gen_operation_groups[3].i_opgroup_block_gen_merged_slice.i_multifmt_slice_gen_num_lanes[0].active_lane.lane_instance.i_fpnew_cast_multi_mux_ifmt_rounded_signed_res[int_fmt_q2]_622_28_g2484/X -       A1->X F     HDBLVT20_NR2_2             4  2.6    11    11     752    (-,-) 
  ex_stage_i/final_adder_fpu_gen.fpu_i_fpu_gen.i_fpnew_bulk_gen_operation_groups[3].i_opgroup_block_gen_merged_slice.i_multifmt_slice_gen_num_lanes[0].active_lane.lane_instance.i_fpnew_cast_multi_mux_ifmt_rounded_signed_res[int_fmt_q2]_622_28_g2480/X -       A->X  R     HDBLVT20_AN3B_2            1  0.9    10    12     764    (-,-) 
  ex_stage_i/final_adder_fpu_gen.fpu_i_fpu_gen.i_fpnew_bulk_gen_operation_groups[3].i_opgroup_block_gen_merged_slice.i_multifmt_slice_gen_num_lanes[0].active_lane.lane_instance.i_fpnew_cast_multi_mux_ifmt_rounded_signed_res[int_fmt_q2]_622_28_g2467/X -       B1->X F     HDBLVT20_AOI211_2          4  2.7    20    10     775    (-,-) 
  ex_stage_i/final_adder_fpu_gen.fpu_i_fpu_gen.i_fpnew_bulk_gen_operation_groups[3].i_opgroup_block_gen_merged_slice.i_multifmt_slice_gen_num_lanes[0].active_lane.lane_instance.i_fpnew_cast_multi_mux_ifmt_rounded_signed_res[int_fmt_q2]_622_28_g2464/X -       A1->X R     HDBLVT20_NR2_1P5           2  1.4    13    14     789    (-,-) 
  ex_stage_i/final_adder_fpu_gen.fpu_i_fpu_gen.i_fpnew_bulk_gen_operation_groups[3].i_opgroup_block_gen_merged_slice.i_multifmt_slice_gen_num_lanes[0].active_lane.lane_instance.i_fpnew_cast_multi_mux_ifmt_rounded_signed_res[int_fmt_q2]_622_28_g2437/X -       A1->X F     HDBLVT20_AOI21_2           4  2.4    16    16     804    (-,-) 
  ex_stage_i/final_adder_fpu_gen.fpu_i_fpu_gen.i_fpnew_bulk_gen_operation_groups[3].i_opgroup_block_gen_merged_slice.i_multifmt_slice_gen_num_lanes[0].active_lane.lane_instance.i_fpnew_cast_multi_mux_ifmt_rounded_signed_res[int_fmt_q2]_622_28_g2415/X -       A1->X R     HDBLVT20_OAI21_MM_2        2  1.4    13    15     819    (-,-) 
  ex_stage_i/final_adder_fpu_gen.fpu_i_fpu_gen.i_fpnew_bulk_gen_operation_groups[3].i_opgroup_block_gen_merged_slice.i_multifmt_slice_gen_num_lanes[0].active_lane.lane_instance.i_fpnew_cast_multi_mux_ifmt_rounded_signed_res[int_fmt_q2]_622_28_g2402/X -       A1->X F     HDBLVT20_ND2_MM_2          2  1.4    10    11     830    (-,-) 
  ex_stage_i/final_adder_fpu_gen.fpu_i_fpu_gen.i_fpnew_bulk_gen_operation_groups[3].i_opgroup_block_gen_merged_slice.i_multifmt_slice_gen_num_lanes[0].active_lane.lane_instance.i_fpnew_cast_multi_mux_ifmt_rounded_signed_res[int_fmt_q2]_622_28_g2383/X -       A1->X R     HDBLVT20_OAI21_2           3  2.4    17    16     846    (-,-) 
  ex_stage_i/final_adder_fpu_gen.fpu_i_fpu_gen.i_fpnew_bulk_gen_operation_groups[3].i_opgroup_block_gen_merged_slice.i_multifmt_slice_gen_num_lanes[0].active_lane.lane_instance.i_fpnew_cast_multi_mux_ifmt_rounded_signed_res[int_fmt_q2]_622_28_g2370/X -       A1->X F     HDBLVT20_AOI21B_2          2  1.4    12    13     859    (-,-) 
  ex_stage_i/final_adder_fpu_gen.fpu_i_fpu_gen.i_fpnew_bulk_gen_operation_groups[3].i_opgroup_block_gen_merged_slice.i_multifmt_slice_gen_num_lanes[0].active_lane.lane_instance.i_fpnew_cast_multi_mux_ifmt_rounded_signed_res[int_fmt_q2]_622_28_g2366/X -       A1->X R     HDBLVT20_OAI21B_1          1  0.9    14    14     873    (-,-) 
  ex_stage_i/final_adder_fpu_gen.fpu_i_fpu_gen.i_fpnew_bulk_gen_operation_groups[3].i_opgroup_block_gen_merged_slice.i_multifmt_slice_gen_num_lanes[0].active_lane.lane_instance.i_fpnew_cast_multi_mux_ifmt_rounded_signed_res[int_fmt_q2]_622_28_g2363/X -       A1->X R     HDBLVT20_EN2_V2_1          2  1.0    15    22     895    (-,-) 
  ex_stage_i/g151560/X                                                                                                                                                                                                                                     -       B1->X F     HDBLVT20_OAI22_1           1  0.5    15    15     910    (-,-) 
  ex_stage_i/g150776/X                                                                                                                                                                                                                                     -       B1->X R     HDBLVT20_AOI32_1           1  0.9    32    18     928    (-,-) 
  ex_stage_i/g148554/X                                                                                                                                                                                                                                     -       A1->X F     HDBLVT20_OAI21_2           2  2.1    15    19     947    (-,-) 
  ex_stage_i/g148384/X                                                                                                                                                                                                                                     -       A1->X R     HDBLVT20_NR2_3             4  2.4    13    14     961    (-,-) 
  ex_stage_i/g148062/X                                                                                                                                                                                                                                     -       B1->X R     HDBLVT20_AO2BB2_1          2  1.0    15    22     983    (-,-) 
  ex_stage_i/g147876/X                                                                                                                                                                                                                                     -       A1->X F     HDBLVT20_NR2_1             4  2.1    15    14     997    (-,-) 
  ex_stage_i/g147686/X                                                                                                                                                                                                                                     -       B->X  R     HDBLVT20_NR2B_V1_1         3  1.8    22    21    1018    (-,-) 
  ex_stage_i/g146848/X                                                                                                                                                                                                                                     -       A1->X F     HDBLVT20_OAOI211_2         3  1.9    33    18    1037    (-,-) 
  ex_stage_i/g146579/X                                                                                                                                                                                                                                     -       A1->X F     HDBLVT20_AN2_DMM_8        19 17.0    16    35    1072    (-,-) 
  ex_stage_i/g146268/X                                                                                                                                                                                                                                     -       A1->X R     HDBLVT20_ND2_2            13  5.2    20    18    1090    (-,-) 
  g207159/X                                                                                                                                                                                                                                                -       A->X  F     HDBLVT20_INV_1             5  2.5    15    16    1106    (-,-) 
  g198072/X                                                                                                                                                                                                                                                -       A1->X R     HDBLVT20_OAI21_MM_0P5      3  1.3    24    20    1126    (-,-) 
  g196532/X                                                                                                                                                                                                                                                -       B1->X F     HDBLVT20_AOI22_0P75        1  0.5    51    19    1146    (-,-) 
  g196386/X                                                                                                                                                                                                                                                -       A2->X R     HDBLVT20_ND2_MM_1          1  0.4    16    18    1164    (-,-) 
  g196211/X                                                                                                                                                                                                                                                -       A1->X F     HDBLVT20_NR2_MM_1          1  0.5    10    12    1177    (-,-) 
  g195804/X                                                                                                                                                                                                                                                -       A1->X R     HDBLVT20_OAI21_MM_0P5      4  0.9    21    16    1193    (-,-) 
  ex_stage_i/vaddr_to_be_flushed_reg[45]/D                                                                                                                                                                                                                 -       -     R     HDBLVT20_FSDPRBQ_D_1       4    -     -     0    1193    (-,-) 
#---------------------------------------------------------------------------------------------------------------------------------------------------------------------------------------------------------------------------------------------------------------------------------------------------------------------------------------------



Path 5: MET (12 ps) Setup Check with Pin ex_stage_i/vaddr_to_be_flushed_reg[45]/CK->D
          Group: clk
     Startpoint: (R) ex_stage_i/fpu_gen.fpu_i_fpu_gen.i_fpnew_bulk_gen_operation_groups[3].i_opgroup_block_gen_merged_slice.i_multifmt_slice_gen_num_lanes[0].active_lane.lane_instance.i_fpnew_cast_multi_mid_pipe_dst_fmt_q_reg[1][2]/CK
          Clock: (R) clk
       Endpoint: (R) ex_stage_i/vaddr_to_be_flushed_reg[45]/D
          Clock: (R) clk

                     Capture       Launch     
        Clock Edge:+    1250            0     
       Src Latency:+       0            0     
       Net Latency:+       0 (I)        0 (I) 
           Arrival:=    1250            0     
                                              
             Setup:-      46                  
     Required Time:=    1204                  
      Launch Clock:-       0                  
         Data Path:-    1193                  
             Slack:=      12                  

#---------------------------------------------------------------------------------------------------------------------------------------------------------------------------------------------------------------------------------------------------------------------------------------------------------------------------------------------
#                                                                                                                      Timing Point                                                                                                                        Flags   Arc   Edge         Cell           Fanout Load Trans Delay Arrival Instance 
#                                                                                                                                                                                                                                                                                                           (fF)  (ps)  (ps)   (ps)  Location 
#---------------------------------------------------------------------------------------------------------------------------------------------------------------------------------------------------------------------------------------------------------------------------------------------------------------------------------------------
  ex_stage_i/fpu_gen.fpu_i_fpu_gen.i_fpnew_bulk_gen_operation_groups[3].i_opgroup_block_gen_merged_slice.i_multifmt_slice_gen_num_lanes[0].active_lane.lane_instance.i_fpnew_cast_multi_mid_pipe_dst_fmt_q_reg[1][2]/CK                                    -       -     R     (arrival)              23656    -     0     0       0    (-,-) 
  ex_stage_i/fpu_gen.fpu_i_fpu_gen.i_fpnew_bulk_gen_operation_groups[3].i_opgroup_block_gen_merged_slice.i_multifmt_slice_gen_num_lanes[0].active_lane.lane_instance.i_fpnew_cast_multi_mid_pipe_dst_fmt_q_reg[1][2]/Q                                     -       CK->Q R     HDBLVT20_FSDPRBQ_D_1       7  4.5    31    55      55    (-,-) 
  ex_stage_i/g4169/X                                                                                                                                                                                                                                       -       A->X  F     HDBLVT20_INV_2             3  3.0    14    16      71    (-,-) 
  ex_stage_i/g4148/X                                                                                                                                                                                                                                       -       A1->X R     HDBLVT20_ND2_2             3  2.0    10    12      83    (-,-) 
  ex_stage_i/g4114/X                                                                                                                                                                                                                                       -       A2->X F     HDBLVT20_ND2_1             2  1.3    16    14      97    (-,-) 
  ex_stage_i/g4075/X                                                                                                                                                                                                                                       -       A1->X R     HDBLVT20_ND2_1P5           5  2.4    14    13     110    (-,-) 
  ex_stage_i/g4045/X                                                                                                                                                                                                                                       -       A2->X F     HDBLVT20_AO2BB2_1          1  0.5    12    12     123    (-,-) 
  ex_stage_i/g4034/X                                                                                                                                                                                                                                       -       A2->X R     HDBLVT20_NR2_1             1  1.3    17    17     140    (-,-) 
  ex_stage_i/g3963/X                                                                                                                                                                                                                                       -       A1->X F     HDBLVT20_AOAI211_3         2  2.5    20    22     162    (-,-) 
  ex_stage_i/g3925/X                                                                                                                                                                                                                                       -       A->X  R     HDBLVT20_OR3B_4            7  5.3    14    15     177    (-,-) 
  ex_stage_i/g3916/X                                                                                                                                                                                                                                       -       A1->X F     HDBLVT20_AO2BB2_3          1  2.0    12    12     189    (-,-) 
  ex_stage_i/g3912/X                                                                                                                                                                                                                                       -       A1->X F     HDBLVT20_OR2_8            45 28.0    20    29     218    (-,-) 
  ex_stage_i/fpu_gen.fpu_i_fpu_gen.i_fpnew_bulk_gen_operation_groups[3].i_opgroup_block_gen_merged_slice.i_multifmt_slice_gen_num_lanes[0].active_lane.lane_instance.i_fpnew_cast_multi_srl_492_2980_g12216/X                                              -       A->X  R     HDBLVT20_INV_9            33 15.2    14    15     234    (-,-) 
  ex_stage_i/fpu_gen.fpu_i_fpu_gen.i_fpnew_bulk_gen_operation_groups[3].i_opgroup_block_gen_merged_slice.i_multifmt_slice_gen_num_lanes[0].active_lane.lane_instance.i_fpnew_cast_multi_srl_492_2980_g11863/X                                              -       A2->X F     HDBLVT20_AOI22_0P75        2  1.0    24    17     251    (-,-) 
  ex_stage_i/fpu_gen.fpu_i_fpu_gen.i_fpnew_bulk_gen_operation_groups[3].i_opgroup_block_gen_merged_slice.i_multifmt_slice_gen_num_lanes[0].active_lane.lane_instance.i_fpnew_cast_multi_srl_492_2980_g12284/X                                              -       D1->X F     HDBLVT20_MUX2_MM_1         2  1.0    11    30     280    (-,-) 
  ex_stage_i/fpu_gen.fpu_i_fpu_gen.i_fpnew_bulk_gen_operation_groups[3].i_opgroup_block_gen_merged_slice.i_multifmt_slice_gen_num_lanes[0].active_lane.lane_instance.i_fpnew_cast_multi_srl_492_2980_g11641/X                                              -       A1->X R     HDBLVT20_OAI22_1           2  0.9    19    14     294    (-,-) 
  ex_stage_i/fpu_gen.fpu_i_fpu_gen.i_fpnew_bulk_gen_operation_groups[3].i_opgroup_block_gen_merged_slice.i_multifmt_slice_gen_num_lanes[0].active_lane.lane_instance.i_fpnew_cast_multi_srl_492_2980_g12281/X                                              -       A->X  R     HDBLVT20_NR2B_0P5          2  0.9    15    27     321    (-,-) 
  ex_stage_i/fpu_gen.fpu_i_fpu_gen.i_fpnew_bulk_gen_operation_groups[3].i_opgroup_block_gen_merged_slice.i_multifmt_slice_gen_num_lanes[0].active_lane.lane_instance.i_fpnew_cast_multi_srl_492_2980_g11450/X                                              -       B1->X R     HDBLVT20_AO2BB2_1          2  0.8    15    22     343    (-,-) 
  ex_stage_i/fpu_gen.fpu_i_fpu_gen.i_fpnew_bulk_gen_operation_groups[3].i_opgroup_block_gen_merged_slice.i_multifmt_slice_gen_num_lanes[0].active_lane.lane_instance.i_fpnew_cast_multi_srl_492_2980_g11365/X                                              -       A1->X F     HDBLVT20_ND2_MM_0P5        2  0.9    25    22     365    (-,-) 
  ex_stage_i/fpu_gen.fpu_i_fpu_gen.i_fpnew_bulk_gen_operation_groups[3].i_opgroup_block_gen_merged_slice.i_multifmt_slice_gen_num_lanes[0].active_lane.lane_instance.i_fpnew_cast_multi_srl_492_2980_g11174/X                                              -       B1->X R     HDBLVT20_OAI22_1           1  0.4    16    18     384    (-,-) 
  ex_stage_i/g10124/X                                                                                                                                                                                                                                      -       A1->X F     HDBLVT20_NR2_MM_1          1  0.5    11    12     396    (-,-) 
  ex_stage_i/g10119/X                                                                                                                                                                                                                                      -       A->X  R     HDBLVT20_OR3B_1            1  0.4     7     9     405    (-,-) 
  ex_stage_i/g9903/X                                                                                                                                                                                                                                       -       A2->X F     HDBLVT20_NR2_MM_1          1  0.4     9     9     414    (-,-) 
  ex_stage_i/g9725/X                                                                                                                                                                                                                                       -       A1->X R     HDBLVT20_ND4_MM_1          1  0.5    11    10     424    (-,-) 
  ex_stage_i/g9696/X                                                                                                                                                                                                                                       -       A->X  F     HDBLVT20_AN4B_1            1  1.0     8    10     433    (-,-) 
  ex_stage_i/g9677/X                                                                                                                                                                                                                                       -       A1->X R     HDBLVT20_ND2_2             3  1.7     9     9     442    (-,-) 
  ex_stage_i/g9545/X                                                                                                                                                                                                                                       -       A1->X F     HDBLVT20_NR2_MM_1P5        2  1.0     9     9     451    (-,-) 
  ex_stage_i/g9382/X                                                                                                                                                                                                                                       -       A1->X R     HDBLVT20_OAI21B_1          2  0.8    14    12     463    (-,-) 
  ex_stage_i/g9343/X                                                                                                                                                                                                                                       -       A1->X F     HDBLVT20_NR2_MM_1          1  0.5    12    12     475    (-,-) 
  ex_stage_i/g9294/X                                                                                                                                                                                                                                       -       A1->X R     HDBLVT20_OAI21B_1          1  0.9    14    14     489    (-,-) 
  ex_stage_i/g9257/X                                                                                                                                                                                                                                       -       A1->X F     HDBLVT20_AOI21_MM_2        2  1.9    16    16     504    (-,-) 
  ex_stage_i/g9251/X                                                                                                                                                                                                                                       -       S->X  F     HDBLVT20_MUXI2_V2_2        4  2.5    25    21     526    (-,-) 
  ex_stage_i/final_adder_fpu_gen.fpu_i_fpu_gen.i_fpnew_bulk_gen_operation_groups[3].i_opgroup_block_gen_merged_slice.i_multifmt_slice_gen_num_lanes[0].active_lane.lane_instance.i_fpnew_cast_multi_mux_604_34_g2148/X                                     -       A1->X R     HDBLVT20_ND2_2             3  2.3    16    16     541    (-,-) 
  ex_stage_i/final_adder_fpu_gen.fpu_i_fpu_gen.i_fpnew_bulk_gen_operation_groups[3].i_opgroup_block_gen_merged_slice.i_multifmt_slice_gen_num_lanes[0].active_lane.lane_instance.i_fpnew_cast_multi_mux_604_34_g2118/X                                     -       A->X  F     HDBLVT20_INV_0P75          1  0.5     8    10     551    (-,-) 
  ex_stage_i/final_adder_fpu_gen.fpu_i_fpu_gen.i_fpnew_bulk_gen_operation_groups[3].i_opgroup_block_gen_merged_slice.i_multifmt_slice_gen_num_lanes[0].active_lane.lane_instance.i_fpnew_cast_multi_mux_604_34_g2053/X                                     -       A1->X R     HDBLVT20_NR2_1             1  0.5    10    10     561    (-,-) 
  ex_stage_i/g3833/X                                                                                                                                                                                                                                       -       A1->X F     HDBLVT20_ND2_1             1  1.0    15    12     574    (-,-) 
  ex_stage_i/g3701/X                                                                                                                                                                                                                                       -       A1->X R     HDBLVT20_ND2_2             4  2.0    14    12     585    (-,-) 
  ex_stage_i/final_adder_fpu_gen.fpu_i_fpu_gen.i_fpnew_bulk_gen_operation_groups[3].i_opgroup_block_gen_merged_slice.i_multifmt_slice_gen_num_lanes[0].active_lane.lane_instance.i_fpnew_cast_multi_mux_ifmt_rounded_signed_res[int_fmt_q2]_622_28_g2841/X -       A1->X F     HDBLVT20_ND2_1             3  2.6    27    22     607    (-,-) 
  ex_stage_i/final_adder_fpu_gen.fpu_i_fpu_gen.i_fpnew_bulk_gen_operation_groups[3].i_opgroup_block_gen_merged_slice.i_multifmt_slice_gen_num_lanes[0].active_lane.lane_instance.i_fpnew_cast_multi_mux_ifmt_rounded_signed_res[int_fmt_q2]_622_28_g2537/X -       A2->X R     HDBLVT20_OAI21_2           2  2.0    16    22     629    (-,-) 
  ex_stage_i/final_adder_fpu_gen.fpu_i_fpu_gen.i_fpnew_bulk_gen_operation_groups[3].i_opgroup_block_gen_merged_slice.i_multifmt_slice_gen_num_lanes[0].active_lane.lane_instance.i_fpnew_cast_multi_mux_ifmt_rounded_signed_res[int_fmt_q2]_622_28_g2516/X -       A2->X F     HDBLVT20_AOI21_MM_2        2  1.9    16    18     646    (-,-) 
  ex_stage_i/final_adder_fpu_gen.fpu_i_fpu_gen.i_fpnew_bulk_gen_operation_groups[3].i_opgroup_block_gen_merged_slice.i_multifmt_slice_gen_num_lanes[0].active_lane.lane_instance.i_fpnew_cast_multi_mux_ifmt_rounded_signed_res[int_fmt_q2]_622_28_g2508/X -       A1->X R     HDBLVT20_OAI21_MM_2        3  2.5    18    18     664    (-,-) 
  ex_stage_i/final_adder_fpu_gen.fpu_i_fpu_gen.i_fpnew_bulk_gen_operation_groups[3].i_opgroup_block_gen_merged_slice.i_multifmt_slice_gen_num_lanes[0].active_lane.lane_instance.i_fpnew_cast_multi_mux_ifmt_rounded_signed_res[int_fmt_q2]_622_28_g2505/X -       A2->X R     HDBLVT20_AO21B_3           2  1.9     9    23     687    (-,-) 
  ex_stage_i/final_adder_fpu_gen.fpu_i_fpu_gen.i_fpnew_bulk_gen_operation_groups[3].i_opgroup_block_gen_merged_slice.i_multifmt_slice_gen_num_lanes[0].active_lane.lane_instance.i_fpnew_cast_multi_mux_ifmt_rounded_signed_res[int_fmt_q2]_622_28_g2502/X -       A1->X F     HDBLVT20_AOI21B_2          2  1.8    12    12     699    (-,-) 
  ex_stage_i/final_adder_fpu_gen.fpu_i_fpu_gen.i_fpnew_bulk_gen_operation_groups[3].i_opgroup_block_gen_merged_slice.i_multifmt_slice_gen_num_lanes[0].active_lane.lane_instance.i_fpnew_cast_multi_mux_ifmt_rounded_signed_res[int_fmt_q2]_622_28_g2498/X -       A1->X R     HDBLVT20_OAI21_2           4  2.8    19    18     717    (-,-) 
  ex_stage_i/final_adder_fpu_gen.fpu_i_fpu_gen.i_fpnew_bulk_gen_operation_groups[3].i_opgroup_block_gen_merged_slice.i_multifmt_slice_gen_num_lanes[0].active_lane.lane_instance.i_fpnew_cast_multi_mux_ifmt_rounded_signed_res[int_fmt_q2]_622_28_g2495/X -       B->X  F     HDBLVT20_ND2B_2            2  1.4    12    12     729    (-,-) 
  ex_stage_i/final_adder_fpu_gen.fpu_i_fpu_gen.i_fpnew_bulk_gen_operation_groups[3].i_opgroup_block_gen_merged_slice.i_multifmt_slice_gen_num_lanes[0].active_lane.lane_instance.i_fpnew_cast_multi_mux_ifmt_rounded_signed_res[int_fmt_q2]_622_28_g2490/X -       A1->X R     HDBLVT20_OAI22_2           1  1.0    15    12     741    (-,-) 
  ex_stage_i/final_adder_fpu_gen.fpu_i_fpu_gen.i_fpnew_bulk_gen_operation_groups[3].i_opgroup_block_gen_merged_slice.i_multifmt_slice_gen_num_lanes[0].active_lane.lane_instance.i_fpnew_cast_multi_mux_ifmt_rounded_signed_res[int_fmt_q2]_622_28_g2484/X -       A1->X F     HDBLVT20_NR2_2             4  2.6    11    11     752    (-,-) 
  ex_stage_i/final_adder_fpu_gen.fpu_i_fpu_gen.i_fpnew_bulk_gen_operation_groups[3].i_opgroup_block_gen_merged_slice.i_multifmt_slice_gen_num_lanes[0].active_lane.lane_instance.i_fpnew_cast_multi_mux_ifmt_rounded_signed_res[int_fmt_q2]_622_28_g2480/X -       A->X  R     HDBLVT20_AN3B_2            1  0.9    10    12     764    (-,-) 
  ex_stage_i/final_adder_fpu_gen.fpu_i_fpu_gen.i_fpnew_bulk_gen_operation_groups[3].i_opgroup_block_gen_merged_slice.i_multifmt_slice_gen_num_lanes[0].active_lane.lane_instance.i_fpnew_cast_multi_mux_ifmt_rounded_signed_res[int_fmt_q2]_622_28_g2467/X -       B1->X F     HDBLVT20_AOI211_2          4  2.7    20    10     775    (-,-) 
  ex_stage_i/final_adder_fpu_gen.fpu_i_fpu_gen.i_fpnew_bulk_gen_operation_groups[3].i_opgroup_block_gen_merged_slice.i_multifmt_slice_gen_num_lanes[0].active_lane.lane_instance.i_fpnew_cast_multi_mux_ifmt_rounded_signed_res[int_fmt_q2]_622_28_g2464/X -       A1->X R     HDBLVT20_NR2_1P5           2  1.4    13    14     789    (-,-) 
  ex_stage_i/final_adder_fpu_gen.fpu_i_fpu_gen.i_fpnew_bulk_gen_operation_groups[3].i_opgroup_block_gen_merged_slice.i_multifmt_slice_gen_num_lanes[0].active_lane.lane_instance.i_fpnew_cast_multi_mux_ifmt_rounded_signed_res[int_fmt_q2]_622_28_g2437/X -       A1->X F     HDBLVT20_AOI21_2           4  2.4    16    16     804    (-,-) 
  ex_stage_i/final_adder_fpu_gen.fpu_i_fpu_gen.i_fpnew_bulk_gen_operation_groups[3].i_opgroup_block_gen_merged_slice.i_multifmt_slice_gen_num_lanes[0].active_lane.lane_instance.i_fpnew_cast_multi_mux_ifmt_rounded_signed_res[int_fmt_q2]_622_28_g2415/X -       A1->X R     HDBLVT20_OAI21_MM_2        2  1.4    13    15     819    (-,-) 
  ex_stage_i/final_adder_fpu_gen.fpu_i_fpu_gen.i_fpnew_bulk_gen_operation_groups[3].i_opgroup_block_gen_merged_slice.i_multifmt_slice_gen_num_lanes[0].active_lane.lane_instance.i_fpnew_cast_multi_mux_ifmt_rounded_signed_res[int_fmt_q2]_622_28_g2402/X -       A1->X F     HDBLVT20_ND2_MM_2          2  1.4    10    11     830    (-,-) 
  ex_stage_i/final_adder_fpu_gen.fpu_i_fpu_gen.i_fpnew_bulk_gen_operation_groups[3].i_opgroup_block_gen_merged_slice.i_multifmt_slice_gen_num_lanes[0].active_lane.lane_instance.i_fpnew_cast_multi_mux_ifmt_rounded_signed_res[int_fmt_q2]_622_28_g2383/X -       A1->X R     HDBLVT20_OAI21_2           3  2.4    17    16     846    (-,-) 
  ex_stage_i/final_adder_fpu_gen.fpu_i_fpu_gen.i_fpnew_bulk_gen_operation_groups[3].i_opgroup_block_gen_merged_slice.i_multifmt_slice_gen_num_lanes[0].active_lane.lane_instance.i_fpnew_cast_multi_mux_ifmt_rounded_signed_res[int_fmt_q2]_622_28_g2370/X -       A1->X F     HDBLVT20_AOI21B_2          2  1.4    12    13     859    (-,-) 
  ex_stage_i/final_adder_fpu_gen.fpu_i_fpu_gen.i_fpnew_bulk_gen_operation_groups[3].i_opgroup_block_gen_merged_slice.i_multifmt_slice_gen_num_lanes[0].active_lane.lane_instance.i_fpnew_cast_multi_mux_ifmt_rounded_signed_res[int_fmt_q2]_622_28_g2366/X -       A1->X R     HDBLVT20_OAI21B_1          1  0.9    14    14     873    (-,-) 
  ex_stage_i/final_adder_fpu_gen.fpu_i_fpu_gen.i_fpnew_bulk_gen_operation_groups[3].i_opgroup_block_gen_merged_slice.i_multifmt_slice_gen_num_lanes[0].active_lane.lane_instance.i_fpnew_cast_multi_mux_ifmt_rounded_signed_res[int_fmt_q2]_622_28_g2363/X -       A1->X R     HDBLVT20_EN2_V2_1          2  1.0    15    22     895    (-,-) 
  ex_stage_i/g151560/X                                                                                                                                                                                                                                     -       B1->X F     HDBLVT20_OAI22_1           1  0.5    15    15     910    (-,-) 
  ex_stage_i/g150776/X                                                                                                                                                                                                                                     -       B1->X R     HDBLVT20_AOI32_1           1  0.9    32    18     928    (-,-) 
  ex_stage_i/g148554/X                                                                                                                                                                                                                                     -       A1->X F     HDBLVT20_OAI21_2           2  2.1    15    19     947    (-,-) 
  ex_stage_i/g148384/X                                                                                                                                                                                                                                     -       A1->X R     HDBLVT20_NR2_3             4  2.4    13    14     961    (-,-) 
  ex_stage_i/g148062/X                                                                                                                                                                                                                                     -       B1->X R     HDBLVT20_AO2BB2_1          2  1.0    15    22     983    (-,-) 
  ex_stage_i/g147876/X                                                                                                                                                                                                                                     -       A1->X F     HDBLVT20_NR2_1             4  2.1    15    14     997    (-,-) 
  ex_stage_i/g147686/X                                                                                                                                                                                                                                     -       B->X  R     HDBLVT20_NR2B_V1_1         3  1.8    22    21    1018    (-,-) 
  ex_stage_i/g146848/X                                                                                                                                                                                                                                     -       A1->X F     HDBLVT20_OAOI211_2         3  1.9    33    18    1037    (-,-) 
  ex_stage_i/g146579/X                                                                                                                                                                                                                                     -       A1->X F     HDBLVT20_AN2_DMM_8        19 17.0    16    35    1072    (-,-) 
  ex_stage_i/g146268/X                                                                                                                                                                                                                                     -       A1->X R     HDBLVT20_ND2_2            13  5.2    20    18    1090    (-,-) 
  g207159/X                                                                                                                                                                                                                                                -       A->X  F     HDBLVT20_INV_1             5  2.5    15    16    1106    (-,-) 
  g198072/X                                                                                                                                                                                                                                                -       A1->X R     HDBLVT20_OAI21_MM_0P5      3  1.3    24    20    1126    (-,-) 
  g196532/X                                                                                                                                                                                                                                                -       B1->X F     HDBLVT20_AOI22_0P75        1  0.5    51    19    1146    (-,-) 
  g196386/X                                                                                                                                                                                                                                                -       A2->X R     HDBLVT20_ND2_MM_1          1  0.4    16    18    1164    (-,-) 
  g196211/X                                                                                                                                                                                                                                                -       A1->X F     HDBLVT20_NR2_MM_1          1  0.5    10    12    1177    (-,-) 
  g195804/X                                                                                                                                                                                                                                                -       A1->X R     HDBLVT20_OAI21_MM_0P5      4  0.9    21    16    1193    (-,-) 
  ex_stage_i/vaddr_to_be_flushed_reg[45]/D                                                                                                                                                                                                                 -       -     R     HDBLVT20_FSDPRBQ_D_1       4    -     -     0    1193    (-,-) 
#---------------------------------------------------------------------------------------------------------------------------------------------------------------------------------------------------------------------------------------------------------------------------------------------------------------------------------------------



Path 6: MET (12 ps) Setup Check with Pin ex_stage_i/vaddr_to_be_flushed_reg[45]/CK->D
          Group: clk
     Startpoint: (R) ex_stage_i/fpu_gen.fpu_i_fpu_gen.i_fpnew_bulk_gen_operation_groups[3].i_opgroup_block_gen_merged_slice.i_multifmt_slice_gen_num_lanes[0].active_lane.lane_instance.i_fpnew_cast_multi_mid_pipe_dst_fmt_q_reg[1][2]/CK
          Clock: (R) clk
       Endpoint: (R) ex_stage_i/vaddr_to_be_flushed_reg[45]/D
          Clock: (R) clk

                     Capture       Launch     
        Clock Edge:+    1250            0     
       Src Latency:+       0            0     
       Net Latency:+       0 (I)        0 (I) 
           Arrival:=    1250            0     
                                              
             Setup:-      46                  
     Required Time:=    1204                  
      Launch Clock:-       0                  
         Data Path:-    1192                  
             Slack:=      12                  

#----------------------------------------------------------------------------------------------------------------------------------------------------------------------------------------------------------------------------------------------------------------------------------------------------------------------------------------------
#                                                                                                                      Timing Point                                                                                                                        Flags    Arc   Edge         Cell           Fanout Load Trans Delay Arrival Instance 
#                                                                                                                                                                                                                                                                                                            (fF)  (ps)  (ps)   (ps)  Location 
#----------------------------------------------------------------------------------------------------------------------------------------------------------------------------------------------------------------------------------------------------------------------------------------------------------------------------------------------
  ex_stage_i/fpu_gen.fpu_i_fpu_gen.i_fpnew_bulk_gen_operation_groups[3].i_opgroup_block_gen_merged_slice.i_multifmt_slice_gen_num_lanes[0].active_lane.lane_instance.i_fpnew_cast_multi_mid_pipe_dst_fmt_q_reg[1][2]/CK                                    -       -      R     (arrival)              23656    -     0     0       0    (-,-) 
  ex_stage_i/fpu_gen.fpu_i_fpu_gen.i_fpnew_bulk_gen_operation_groups[3].i_opgroup_block_gen_merged_slice.i_multifmt_slice_gen_num_lanes[0].active_lane.lane_instance.i_fpnew_cast_multi_mid_pipe_dst_fmt_q_reg[1][2]/Q                                     -       CK->Q  R     HDBLVT20_FSDPRBQ_D_1       7  4.5    31    55      55    (-,-) 
  ex_stage_i/g4149/X                                                                                                                                                                                                                                       -       A2->X  F     HDBLVT20_NR2_MM_2          4  2.3    17    21      76    (-,-) 
  ex_stage_i/g4112/X                                                                                                                                                                                                                                       -       A1->X  R     HDBLVT20_ND2_MM_2          3  1.5    10    12      88    (-,-) 
  ex_stage_i/g4073/X                                                                                                                                                                                                                                       -       A1->X  F     HDBLVT20_ND2_1             3  1.5    18    15     103    (-,-) 
  ex_stage_i/g4031/X                                                                                                                                                                                                                                       -       A1->X  R     HDBLVT20_NR2_1             2  1.4    19    18     121    (-,-) 
  ex_stage_i/g4025/X                                                                                                                                                                                                                                       -       A1->X  F     HDBLVT20_ND2_MM_1          2  1.0    14    15     136    (-,-) 
  ex_stage_i/g4022/X                                                                                                                                                                                                                                       -       A->X   R     HDBLVT20_INV_1             1  0.5     7     9     146    (-,-) 
  ex_stage_i/g4014/X                                                                                                                                                                                                                                       -       A2->X  F     HDBLVT20_OAI21_MM_1        1  1.6    23    20     165    (-,-) 
  ex_stage_i/g3926/CO                                                                                                                                                                                                                                      -       CI->CO F     HDBLVT20_ADDF_V1_1         2  1.4    14    34     200    (-,-) 
  ex_stage_i/g3921/X                                                                                                                                                                                                                                       -       A1->X  F     HDBLVT20_AO21B_1           3  1.4    16    23     222    (-,-) 
  ex_stage_i/g3915/X                                                                                                                                                                                                                                       -       B1->X  F     HDBLVT20_OA2BB2_1          1  0.5    10    21     243    (-,-) 
  ex_stage_i/g3907/X                                                                                                                                                                                                                                       -       B1->X  R     HDBLVT20_OAI221_1          3  2.5    37    24     267    (-,-) 
  ex_stage_i/fpu_gen.fpu_i_fpu_gen.i_fpnew_bulk_gen_operation_groups[3].i_opgroup_block_gen_merged_slice.i_multifmt_slice_gen_num_lanes[0].active_lane.lane_instance.i_fpnew_cast_multi_srl_492_2980_g12169/X                                              -       A->X   R     HDBLVT20_BUF_D_8          40 21.2    20    35     302    (-,-) 
  ex_stage_i/fpu_gen.fpu_i_fpu_gen.i_fpnew_bulk_gen_operation_groups[3].i_opgroup_block_gen_merged_slice.i_multifmt_slice_gen_num_lanes[0].active_lane.lane_instance.i_fpnew_cast_multi_srl_492_2980_g12168/X                                              -       A->X   F     HDBLVT20_INV_5            31 14.5    17    17     319    (-,-) 
  ex_stage_i/fpu_gen.fpu_i_fpu_gen.i_fpnew_bulk_gen_operation_groups[3].i_opgroup_block_gen_merged_slice.i_multifmt_slice_gen_num_lanes[0].active_lane.lane_instance.i_fpnew_cast_multi_srl_492_2980_g12159/X                                              -       A->X   R     HDBLVT20_INV_5            28 12.3    18    17     336    (-,-) 
  ex_stage_i/fpu_gen.fpu_i_fpu_gen.i_fpnew_bulk_gen_operation_groups[3].i_opgroup_block_gen_merged_slice.i_multifmt_slice_gen_num_lanes[0].active_lane.lane_instance.i_fpnew_cast_multi_srl_492_2980_g12277/X                                              -       B->X   F     HDBLVT20_NR2B_0P5          2  1.0    16    17     353    (-,-) 
  ex_stage_i/fpu_gen.fpu_i_fpu_gen.i_fpnew_bulk_gen_operation_groups[3].i_opgroup_block_gen_merged_slice.i_multifmt_slice_gen_num_lanes[0].active_lane.lane_instance.i_fpnew_cast_multi_srl_492_2980_g11160/X                                              -       B1->X  F     HDBLVT20_AO2BB2_1          1  0.4    16    21     374    (-,-) 
  ex_stage_i/g10116/X                                                                                                                                                                                                                                      -       A3->X  R     HDBLVT20_NR4_0P5           1  0.4    19    22     396    (-,-) 
  ex_stage_i/g9809/X                                                                                                                                                                                                                                       -       A2->X  F     HDBLVT20_ND4_MM_1          1  0.5    20    20     416    (-,-) 
  ex_stage_i/g9707/X                                                                                                                                                                                                                                       -       A2->X  R     HDBLVT20_NR2_1             1  1.1    17    19     434    (-,-) 
  ex_stage_i/g9677/X                                                                                                                                                                                                                                       -       A2->X  F     HDBLVT20_ND2_2             3  1.7    12    14     448    (-,-) 
  ex_stage_i/g9545/X                                                                                                                                                                                                                                       -       A1->X  R     HDBLVT20_NR2_MM_1P5        2  1.0    10    11     459    (-,-) 
  ex_stage_i/g9382/X                                                                                                                                                                                                                                       -       A1->X  F     HDBLVT20_OAI21B_1          2  0.8    17    11     470    (-,-) 
  ex_stage_i/g9343/X                                                                                                                                                                                                                                       -       A1->X  R     HDBLVT20_NR2_MM_1          1  0.5    11    12     482    (-,-) 
  ex_stage_i/g9294/X                                                                                                                                                                                                                                       -       A1->X  F     HDBLVT20_OAI21B_1          1  0.9    15    12     494    (-,-) 
  ex_stage_i/g9257/X                                                                                                                                                                                                                                       -       A1->X  R     HDBLVT20_AOI21_MM_2        2  1.9    14    17     511    (-,-) 
  ex_stage_i/g9251/X                                                                                                                                                                                                                                       -       S->X   F     HDBLVT20_MUXI2_V2_2        4  2.5    25    14     525    (-,-) 
  ex_stage_i/final_adder_fpu_gen.fpu_i_fpu_gen.i_fpnew_bulk_gen_operation_groups[3].i_opgroup_block_gen_merged_slice.i_multifmt_slice_gen_num_lanes[0].active_lane.lane_instance.i_fpnew_cast_multi_mux_604_34_g2148/X                                     -       A1->X  R     HDBLVT20_ND2_2             3  2.3    16    16     541    (-,-) 
  ex_stage_i/final_adder_fpu_gen.fpu_i_fpu_gen.i_fpnew_bulk_gen_operation_groups[3].i_opgroup_block_gen_merged_slice.i_multifmt_slice_gen_num_lanes[0].active_lane.lane_instance.i_fpnew_cast_multi_mux_604_34_g2118/X                                     -       A->X   F     HDBLVT20_INV_0P75          1  0.5     8    10     551    (-,-) 
  ex_stage_i/final_adder_fpu_gen.fpu_i_fpu_gen.i_fpnew_bulk_gen_operation_groups[3].i_opgroup_block_gen_merged_slice.i_multifmt_slice_gen_num_lanes[0].active_lane.lane_instance.i_fpnew_cast_multi_mux_604_34_g2053/X                                     -       A1->X  R     HDBLVT20_NR2_1             1  0.5    10    10     561    (-,-) 
  ex_stage_i/g3833/X                                                                                                                                                                                                                                       -       A1->X  F     HDBLVT20_ND2_1             1  1.0    15    12     573    (-,-) 
  ex_stage_i/g3701/X                                                                                                                                                                                                                                       -       A1->X  R     HDBLVT20_ND2_2             4  2.0    14    12     585    (-,-) 
  ex_stage_i/final_adder_fpu_gen.fpu_i_fpu_gen.i_fpnew_bulk_gen_operation_groups[3].i_opgroup_block_gen_merged_slice.i_multifmt_slice_gen_num_lanes[0].active_lane.lane_instance.i_fpnew_cast_multi_mux_ifmt_rounded_signed_res[int_fmt_q2]_622_28_g2841/X -       A1->X  F     HDBLVT20_ND2_1             3  2.6    27    22     607    (-,-) 
  ex_stage_i/final_adder_fpu_gen.fpu_i_fpu_gen.i_fpnew_bulk_gen_operation_groups[3].i_opgroup_block_gen_merged_slice.i_multifmt_slice_gen_num_lanes[0].active_lane.lane_instance.i_fpnew_cast_multi_mux_ifmt_rounded_signed_res[int_fmt_q2]_622_28_g2537/X -       A2->X  R     HDBLVT20_OAI21_2           2  2.0    16    22     628    (-,-) 
  ex_stage_i/final_adder_fpu_gen.fpu_i_fpu_gen.i_fpnew_bulk_gen_operation_groups[3].i_opgroup_block_gen_merged_slice.i_multifmt_slice_gen_num_lanes[0].active_lane.lane_instance.i_fpnew_cast_multi_mux_ifmt_rounded_signed_res[int_fmt_q2]_622_28_g2516/X -       A2->X  F     HDBLVT20_AOI21_MM_2        2  1.9    16    18     646    (-,-) 
  ex_stage_i/final_adder_fpu_gen.fpu_i_fpu_gen.i_fpnew_bulk_gen_operation_groups[3].i_opgroup_block_gen_merged_slice.i_multifmt_slice_gen_num_lanes[0].active_lane.lane_instance.i_fpnew_cast_multi_mux_ifmt_rounded_signed_res[int_fmt_q2]_622_28_g2508/X -       A1->X  R     HDBLVT20_OAI21_MM_2        3  2.5    18    18     664    (-,-) 
  ex_stage_i/final_adder_fpu_gen.fpu_i_fpu_gen.i_fpnew_bulk_gen_operation_groups[3].i_opgroup_block_gen_merged_slice.i_multifmt_slice_gen_num_lanes[0].active_lane.lane_instance.i_fpnew_cast_multi_mux_ifmt_rounded_signed_res[int_fmt_q2]_622_28_g2505/X -       A2->X  R     HDBLVT20_AO21B_3           2  1.9     9    23     687    (-,-) 
  ex_stage_i/final_adder_fpu_gen.fpu_i_fpu_gen.i_fpnew_bulk_gen_operation_groups[3].i_opgroup_block_gen_merged_slice.i_multifmt_slice_gen_num_lanes[0].active_lane.lane_instance.i_fpnew_cast_multi_mux_ifmt_rounded_signed_res[int_fmt_q2]_622_28_g2502/X -       A1->X  F     HDBLVT20_AOI21B_2          2  1.8    12    12     699    (-,-) 
  ex_stage_i/final_adder_fpu_gen.fpu_i_fpu_gen.i_fpnew_bulk_gen_operation_groups[3].i_opgroup_block_gen_merged_slice.i_multifmt_slice_gen_num_lanes[0].active_lane.lane_instance.i_fpnew_cast_multi_mux_ifmt_rounded_signed_res[int_fmt_q2]_622_28_g2498/X -       A1->X  R     HDBLVT20_OAI21_2           4  2.8    19    18     717    (-,-) 
  ex_stage_i/final_adder_fpu_gen.fpu_i_fpu_gen.i_fpnew_bulk_gen_operation_groups[3].i_opgroup_block_gen_merged_slice.i_multifmt_slice_gen_num_lanes[0].active_lane.lane_instance.i_fpnew_cast_multi_mux_ifmt_rounded_signed_res[int_fmt_q2]_622_28_g2495/X -       B->X   F     HDBLVT20_ND2B_2            2  1.4    12    12     729    (-,-) 
  ex_stage_i/final_adder_fpu_gen.fpu_i_fpu_gen.i_fpnew_bulk_gen_operation_groups[3].i_opgroup_block_gen_merged_slice.i_multifmt_slice_gen_num_lanes[0].active_lane.lane_instance.i_fpnew_cast_multi_mux_ifmt_rounded_signed_res[int_fmt_q2]_622_28_g2490/X -       A1->X  R     HDBLVT20_OAI22_2           1  1.0    15    12     741    (-,-) 
  ex_stage_i/final_adder_fpu_gen.fpu_i_fpu_gen.i_fpnew_bulk_gen_operation_groups[3].i_opgroup_block_gen_merged_slice.i_multifmt_slice_gen_num_lanes[0].active_lane.lane_instance.i_fpnew_cast_multi_mux_ifmt_rounded_signed_res[int_fmt_q2]_622_28_g2484/X -       A1->X  F     HDBLVT20_NR2_2             4  2.6    11    11     752    (-,-) 
  ex_stage_i/final_adder_fpu_gen.fpu_i_fpu_gen.i_fpnew_bulk_gen_operation_groups[3].i_opgroup_block_gen_merged_slice.i_multifmt_slice_gen_num_lanes[0].active_lane.lane_instance.i_fpnew_cast_multi_mux_ifmt_rounded_signed_res[int_fmt_q2]_622_28_g2480/X -       A->X   R     HDBLVT20_AN3B_2            1  0.9    10    12     764    (-,-) 
  ex_stage_i/final_adder_fpu_gen.fpu_i_fpu_gen.i_fpnew_bulk_gen_operation_groups[3].i_opgroup_block_gen_merged_slice.i_multifmt_slice_gen_num_lanes[0].active_lane.lane_instance.i_fpnew_cast_multi_mux_ifmt_rounded_signed_res[int_fmt_q2]_622_28_g2467/X -       B1->X  F     HDBLVT20_AOI211_2          4  2.7    20    10     774    (-,-) 
  ex_stage_i/final_adder_fpu_gen.fpu_i_fpu_gen.i_fpnew_bulk_gen_operation_groups[3].i_opgroup_block_gen_merged_slice.i_multifmt_slice_gen_num_lanes[0].active_lane.lane_instance.i_fpnew_cast_multi_mux_ifmt_rounded_signed_res[int_fmt_q2]_622_28_g2464/X -       A1->X  R     HDBLVT20_NR2_1P5           2  1.4    13    14     789    (-,-) 
  ex_stage_i/final_adder_fpu_gen.fpu_i_fpu_gen.i_fpnew_bulk_gen_operation_groups[3].i_opgroup_block_gen_merged_slice.i_multifmt_slice_gen_num_lanes[0].active_lane.lane_instance.i_fpnew_cast_multi_mux_ifmt_rounded_signed_res[int_fmt_q2]_622_28_g2437/X -       A1->X  F     HDBLVT20_AOI21_2           4  2.4    16    16     804    (-,-) 
  ex_stage_i/final_adder_fpu_gen.fpu_i_fpu_gen.i_fpnew_bulk_gen_operation_groups[3].i_opgroup_block_gen_merged_slice.i_multifmt_slice_gen_num_lanes[0].active_lane.lane_instance.i_fpnew_cast_multi_mux_ifmt_rounded_signed_res[int_fmt_q2]_622_28_g2415/X -       A1->X  R     HDBLVT20_OAI21_MM_2        2  1.4    13    15     819    (-,-) 
  ex_stage_i/final_adder_fpu_gen.fpu_i_fpu_gen.i_fpnew_bulk_gen_operation_groups[3].i_opgroup_block_gen_merged_slice.i_multifmt_slice_gen_num_lanes[0].active_lane.lane_instance.i_fpnew_cast_multi_mux_ifmt_rounded_signed_res[int_fmt_q2]_622_28_g2402/X -       A1->X  F     HDBLVT20_ND2_MM_2          2  1.4    10    11     830    (-,-) 
  ex_stage_i/final_adder_fpu_gen.fpu_i_fpu_gen.i_fpnew_bulk_gen_operation_groups[3].i_opgroup_block_gen_merged_slice.i_multifmt_slice_gen_num_lanes[0].active_lane.lane_instance.i_fpnew_cast_multi_mux_ifmt_rounded_signed_res[int_fmt_q2]_622_28_g2383/X -       A1->X  R     HDBLVT20_OAI21_2           3  2.4    17    16     846    (-,-) 
  ex_stage_i/final_adder_fpu_gen.fpu_i_fpu_gen.i_fpnew_bulk_gen_operation_groups[3].i_opgroup_block_gen_merged_slice.i_multifmt_slice_gen_num_lanes[0].active_lane.lane_instance.i_fpnew_cast_multi_mux_ifmt_rounded_signed_res[int_fmt_q2]_622_28_g2370/X -       A1->X  F     HDBLVT20_AOI21B_2          2  1.4    12    13     859    (-,-) 
  ex_stage_i/final_adder_fpu_gen.fpu_i_fpu_gen.i_fpnew_bulk_gen_operation_groups[3].i_opgroup_block_gen_merged_slice.i_multifmt_slice_gen_num_lanes[0].active_lane.lane_instance.i_fpnew_cast_multi_mux_ifmt_rounded_signed_res[int_fmt_q2]_622_28_g2366/X -       A1->X  R     HDBLVT20_OAI21B_1          1  0.9    14    14     873    (-,-) 
  ex_stage_i/final_adder_fpu_gen.fpu_i_fpu_gen.i_fpnew_bulk_gen_operation_groups[3].i_opgroup_block_gen_merged_slice.i_multifmt_slice_gen_num_lanes[0].active_lane.lane_instance.i_fpnew_cast_multi_mux_ifmt_rounded_signed_res[int_fmt_q2]_622_28_g2363/X -       A1->X  R     HDBLVT20_EN2_V2_1          2  1.0    15    22     894    (-,-) 
  ex_stage_i/g151560/X                                                                                                                                                                                                                                     -       B1->X  F     HDBLVT20_OAI22_1           1  0.5    15    15     910    (-,-) 
  ex_stage_i/g150776/X                                                                                                                                                                                                                                     -       B1->X  R     HDBLVT20_AOI32_1           1  0.9    32    18     928    (-,-) 
  ex_stage_i/g148554/X                                                                                                                                                                                                                                     -       A1->X  F     HDBLVT20_OAI21_2           2  2.1    15    19     947    (-,-) 
  ex_stage_i/g148384/X                                                                                                                                                                                                                                     -       A1->X  R     HDBLVT20_NR2_3             4  2.4    13    14     961    (-,-) 
  ex_stage_i/g148062/X                                                                                                                                                                                                                                     -       B1->X  R     HDBLVT20_AO2BB2_1          2  1.0    15    22     983    (-,-) 
  ex_stage_i/g147876/X                                                                                                                                                                                                                                     -       A1->X  F     HDBLVT20_NR2_1             4  2.1    15    14     997    (-,-) 
  ex_stage_i/g147686/X                                                                                                                                                                                                                                     -       B->X   R     HDBLVT20_NR2B_V1_1         3  1.8    22    21    1018    (-,-) 
  ex_stage_i/g146848/X                                                                                                                                                                                                                                     -       A1->X  F     HDBLVT20_OAOI211_2         3  1.9    33    18    1036    (-,-) 
  ex_stage_i/g146579/X                                                                                                                                                                                                                                     -       A1->X  F     HDBLVT20_AN2_DMM_8        19 17.0    16    35    1072    (-,-) 
  ex_stage_i/g146268/X                                                                                                                                                                                                                                     -       A1->X  R     HDBLVT20_ND2_2            13  5.2    20    18    1090    (-,-) 
  g207159/X                                                                                                                                                                                                                                                -       A->X   F     HDBLVT20_INV_1             5  2.5    15    16    1106    (-,-) 
  g198072/X                                                                                                                                                                                                                                                -       A1->X  R     HDBLVT20_OAI21_MM_0P5      3  1.3    24    20    1126    (-,-) 
  g196532/X                                                                                                                                                                                                                                                -       B1->X  F     HDBLVT20_AOI22_0P75        1  0.5    51    19    1146    (-,-) 
  g196386/X                                                                                                                                                                                                                                                -       A2->X  R     HDBLVT20_ND2_MM_1          1  0.4    16    18    1164    (-,-) 
  g196211/X                                                                                                                                                                                                                                                -       A1->X  F     HDBLVT20_NR2_MM_1          1  0.5    10    12    1176    (-,-) 
  g195804/X                                                                                                                                                                                                                                                -       A1->X  R     HDBLVT20_OAI21_MM_0P5      4  0.9    21    16    1192    (-,-) 
  ex_stage_i/vaddr_to_be_flushed_reg[45]/D                                                                                                                                                                                                                 -       -      R     HDBLVT20_FSDPRBQ_D_1       4    -     -     0    1192    (-,-) 
#----------------------------------------------------------------------------------------------------------------------------------------------------------------------------------------------------------------------------------------------------------------------------------------------------------------------------------------------



Path 7: MET (12 ps) Setup Check with Pin ex_stage_i/vaddr_to_be_flushed_reg[45]/CK->D
          Group: clk
     Startpoint: (R) ex_stage_i/fpu_gen.fpu_i_fpu_gen.i_fpnew_bulk_gen_operation_groups[3].i_opgroup_block_gen_merged_slice.i_multifmt_slice_gen_num_lanes[0].active_lane.lane_instance.i_fpnew_cast_multi_mid_pipe_dst_fmt_q_reg[1][2]/CK
          Clock: (R) clk
       Endpoint: (R) ex_stage_i/vaddr_to_be_flushed_reg[45]/D
          Clock: (R) clk

                     Capture       Launch     
        Clock Edge:+    1250            0     
       Src Latency:+       0            0     
       Net Latency:+       0 (I)        0 (I) 
           Arrival:=    1250            0     
                                              
             Setup:-      46                  
     Required Time:=    1204                  
      Launch Clock:-       0                  
         Data Path:-    1192                  
             Slack:=      12                  

#----------------------------------------------------------------------------------------------------------------------------------------------------------------------------------------------------------------------------------------------------------------------------------------------------------------------------------------------
#                                                                                                                      Timing Point                                                                                                                        Flags    Arc   Edge         Cell           Fanout Load Trans Delay Arrival Instance 
#                                                                                                                                                                                                                                                                                                            (fF)  (ps)  (ps)   (ps)  Location 
#----------------------------------------------------------------------------------------------------------------------------------------------------------------------------------------------------------------------------------------------------------------------------------------------------------------------------------------------
  ex_stage_i/fpu_gen.fpu_i_fpu_gen.i_fpnew_bulk_gen_operation_groups[3].i_opgroup_block_gen_merged_slice.i_multifmt_slice_gen_num_lanes[0].active_lane.lane_instance.i_fpnew_cast_multi_mid_pipe_dst_fmt_q_reg[1][2]/CK                                    -       -      R     (arrival)              23656    -     0     0       0    (-,-) 
  ex_stage_i/fpu_gen.fpu_i_fpu_gen.i_fpnew_bulk_gen_operation_groups[3].i_opgroup_block_gen_merged_slice.i_multifmt_slice_gen_num_lanes[0].active_lane.lane_instance.i_fpnew_cast_multi_mid_pipe_dst_fmt_q_reg[1][2]/Q                                     -       CK->Q  R     HDBLVT20_FSDPRBQ_D_1       7  4.5    31    55      55    (-,-) 
  ex_stage_i/g4149/X                                                                                                                                                                                                                                       -       A2->X  F     HDBLVT20_NR2_MM_2          4  2.3    17    21      76    (-,-) 
  ex_stage_i/g4112/X                                                                                                                                                                                                                                       -       A1->X  R     HDBLVT20_ND2_MM_2          3  1.5    10    12      88    (-,-) 
  ex_stage_i/g4073/X                                                                                                                                                                                                                                       -       A1->X  F     HDBLVT20_ND2_1             3  1.5    18    15     103    (-,-) 
  ex_stage_i/g4031/X                                                                                                                                                                                                                                       -       A1->X  R     HDBLVT20_NR2_1             2  1.4    19    18     121    (-,-) 
  ex_stage_i/g4025/X                                                                                                                                                                                                                                       -       A1->X  F     HDBLVT20_ND2_MM_1          2  1.0    14    15     136    (-,-) 
  ex_stage_i/g4022/X                                                                                                                                                                                                                                       -       A->X   R     HDBLVT20_INV_1             1  0.5     7     9     146    (-,-) 
  ex_stage_i/g4014/X                                                                                                                                                                                                                                       -       A2->X  F     HDBLVT20_OAI21_MM_1        1  1.6    23    20     165    (-,-) 
  ex_stage_i/g3926/CO                                                                                                                                                                                                                                      -       CI->CO F     HDBLVT20_ADDF_V1_1         2  1.4    14    34     200    (-,-) 
  ex_stage_i/g3921/X                                                                                                                                                                                                                                       -       A1->X  F     HDBLVT20_AO21B_1           3  1.4    16    23     222    (-,-) 
  ex_stage_i/g3915/X                                                                                                                                                                                                                                       -       B1->X  F     HDBLVT20_OA2BB2_1          1  0.5    10    21     243    (-,-) 
  ex_stage_i/g3907/X                                                                                                                                                                                                                                       -       B1->X  R     HDBLVT20_OAI221_1          3  2.5    37    24     267    (-,-) 
  ex_stage_i/fpu_gen.fpu_i_fpu_gen.i_fpnew_bulk_gen_operation_groups[3].i_opgroup_block_gen_merged_slice.i_multifmt_slice_gen_num_lanes[0].active_lane.lane_instance.i_fpnew_cast_multi_srl_492_2980_g12169/X                                              -       A->X   R     HDBLVT20_BUF_D_8          40 21.2    20    35     302    (-,-) 
  ex_stage_i/fpu_gen.fpu_i_fpu_gen.i_fpnew_bulk_gen_operation_groups[3].i_opgroup_block_gen_merged_slice.i_multifmt_slice_gen_num_lanes[0].active_lane.lane_instance.i_fpnew_cast_multi_srl_492_2980_g12168/X                                              -       A->X   F     HDBLVT20_INV_5            31 14.5    17    17     319    (-,-) 
  ex_stage_i/fpu_gen.fpu_i_fpu_gen.i_fpnew_bulk_gen_operation_groups[3].i_opgroup_block_gen_merged_slice.i_multifmt_slice_gen_num_lanes[0].active_lane.lane_instance.i_fpnew_cast_multi_srl_492_2980_g12159/X                                              -       A->X   R     HDBLVT20_INV_5            28 12.3    18    17     336    (-,-) 
  ex_stage_i/fpu_gen.fpu_i_fpu_gen.i_fpnew_bulk_gen_operation_groups[3].i_opgroup_block_gen_merged_slice.i_multifmt_slice_gen_num_lanes[0].active_lane.lane_instance.i_fpnew_cast_multi_srl_492_2980_g12277/X                                              -       B->X   F     HDBLVT20_NR2B_0P5          2  1.0    16    17     353    (-,-) 
  ex_stage_i/fpu_gen.fpu_i_fpu_gen.i_fpnew_bulk_gen_operation_groups[3].i_opgroup_block_gen_merged_slice.i_multifmt_slice_gen_num_lanes[0].active_lane.lane_instance.i_fpnew_cast_multi_srl_492_2980_g11160/X                                              -       B1->X  F     HDBLVT20_AO2BB2_1          1  0.4    16    21     374    (-,-) 
  ex_stage_i/g10116/X                                                                                                                                                                                                                                      -       A3->X  R     HDBLVT20_NR4_0P5           1  0.4    19    22     396    (-,-) 
  ex_stage_i/g9809/X                                                                                                                                                                                                                                       -       A2->X  F     HDBLVT20_ND4_MM_1          1  0.5    20    20     416    (-,-) 
  ex_stage_i/g9707/X                                                                                                                                                                                                                                       -       A2->X  R     HDBLVT20_NR2_1             1  1.1    17    19     434    (-,-) 
  ex_stage_i/g9677/X                                                                                                                                                                                                                                       -       A2->X  F     HDBLVT20_ND2_2             3  1.7    12    14     448    (-,-) 
  ex_stage_i/g9382/X                                                                                                                                                                                                                                       -       B->X   F     HDBLVT20_OAI21B_1          2  0.8    17    21     470    (-,-) 
  ex_stage_i/g9343/X                                                                                                                                                                                                                                       -       A1->X  R     HDBLVT20_NR2_MM_1          1  0.5    11    12     482    (-,-) 
  ex_stage_i/g9294/X                                                                                                                                                                                                                                       -       A1->X  F     HDBLVT20_OAI21B_1          1  0.9    15    12     494    (-,-) 
  ex_stage_i/g9257/X                                                                                                                                                                                                                                       -       A1->X  R     HDBLVT20_AOI21_MM_2        2  1.9    14    17     511    (-,-) 
  ex_stage_i/g9251/X                                                                                                                                                                                                                                       -       S->X   R     HDBLVT20_MUXI2_V2_2        4  2.4    25    19     530    (-,-) 
  ex_stage_i/final_adder_fpu_gen.fpu_i_fpu_gen.i_fpnew_bulk_gen_operation_groups[3].i_opgroup_block_gen_merged_slice.i_multifmt_slice_gen_num_lanes[0].active_lane.lane_instance.i_fpnew_cast_multi_mux_604_34_g1995/X                                     -       A1->X  F     HDBLVT20_AOI21B_1          2  1.0    16    17     546    (-,-) 
  ex_stage_i/final_adder_fpu_gen.fpu_i_fpu_gen.i_fpnew_bulk_gen_operation_groups[3].i_opgroup_block_gen_merged_slice.i_multifmt_slice_gen_num_lanes[0].active_lane.lane_instance.i_fpnew_cast_multi_mux_604_34_g1976/X                                     -       A1->X  R     HDBLVT20_OAI21B_1          2  1.4    19    18     564    (-,-) 
  ex_stage_i/final_adder_fpu_gen.fpu_i_fpu_gen.i_fpnew_bulk_gen_operation_groups[3].i_opgroup_block_gen_merged_slice.i_multifmt_slice_gen_num_lanes[0].active_lane.lane_instance.i_fpnew_cast_multi_mux_604_34_g1975/X                                     -       A->X   F     HDBLVT20_INV_1             1  1.0    10    11     576    (-,-) 
  ex_stage_i/final_adder_fpu_gen.fpu_i_fpu_gen.i_fpnew_bulk_gen_operation_groups[3].i_opgroup_block_gen_merged_slice.i_multifmt_slice_gen_num_lanes[0].active_lane.lane_instance.i_fpnew_cast_multi_mux_604_34_g1973/X                                     -       A->X   R     HDBLVT20_INV_2             3  2.2     9    10     585    (-,-) 
  ex_stage_i/final_adder_fpu_gen.fpu_i_fpu_gen.i_fpnew_bulk_gen_operation_groups[3].i_opgroup_block_gen_merged_slice.i_multifmt_slice_gen_num_lanes[0].active_lane.lane_instance.i_fpnew_cast_multi_mux_604_34_g1961/X                                     -       A1->X  F     HDBLVT20_AOI21_2           2  1.7    16    12     597    (-,-) 
  ex_stage_i/final_adder_fpu_gen.fpu_i_fpu_gen.i_fpnew_bulk_gen_operation_groups[3].i_opgroup_block_gen_merged_slice.i_multifmt_slice_gen_num_lanes[0].active_lane.lane_instance.i_fpnew_cast_multi_mux_604_34_g1954/X                                     -       A1->X  R     HDBLVT20_NR2_MM_2          2  1.5    12    12     610    (-,-) 
  ex_stage_i/final_adder_fpu_gen.fpu_i_fpu_gen.i_fpnew_bulk_gen_operation_groups[3].i_opgroup_block_gen_merged_slice.i_multifmt_slice_gen_num_lanes[0].active_lane.lane_instance.i_fpnew_cast_multi_mux_604_34_g1937/X                                     -       A1->X  F     HDBLVT20_AOI21B_2          2  1.4    11    11     621    (-,-) 
  ex_stage_i/final_adder_fpu_gen.fpu_i_fpu_gen.i_fpnew_bulk_gen_operation_groups[3].i_opgroup_block_gen_merged_slice.i_multifmt_slice_gen_num_lanes[0].active_lane.lane_instance.i_fpnew_cast_multi_mux_604_34_g2152/X                                     -       A1->X  R     HDBLVT20_OAI21_MM_0P5      1  0.9    18    16     638    (-,-) 
  ex_stage_i/final_adder_fpu_gen.fpu_i_fpu_gen.i_fpnew_bulk_gen_operation_groups[3].i_opgroup_block_gen_merged_slice.i_multifmt_slice_gen_num_lanes[0].active_lane.lane_instance.i_fpnew_cast_multi_mux_604_34_g1909/X                                     -       A1->X  R     HDBLVT20_EN2_V2_1          1  0.5    11    21     658    (-,-) 
  ex_stage_i/g3741/X                                                                                                                                                                                                                                       -       A1->X  R     HDBLVT20_AO21_1            5  2.5    18    25     684    (-,-) 
  ex_stage_i/final_adder_fpu_gen.fpu_i_fpu_gen.i_fpnew_bulk_gen_operation_groups[3].i_opgroup_block_gen_merged_slice.i_multifmt_slice_gen_num_lanes[0].active_lane.lane_instance.i_fpnew_cast_multi_mux_ifmt_rounded_signed_res[int_fmt_q2]_622_28_g2754/X -       A1->X  R     HDBLVT20_OR2_1             3  1.9    14    22     705    (-,-) 
  ex_stage_i/final_adder_fpu_gen.fpu_i_fpu_gen.i_fpnew_bulk_gen_operation_groups[3].i_opgroup_block_gen_merged_slice.i_multifmt_slice_gen_num_lanes[0].active_lane.lane_instance.i_fpnew_cast_multi_mux_ifmt_rounded_signed_res[int_fmt_q2]_622_28_g2544/X -       A1->X  F     HDBLVT20_ND3_2             2  2.0    20    17     722    (-,-) 
  ex_stage_i/final_adder_fpu_gen.fpu_i_fpu_gen.i_fpnew_bulk_gen_operation_groups[3].i_opgroup_block_gen_merged_slice.i_multifmt_slice_gen_num_lanes[0].active_lane.lane_instance.i_fpnew_cast_multi_mux_ifmt_rounded_signed_res[int_fmt_q2]_622_28_g2490/X -       B2->X  R     HDBLVT20_OAI22_2           1  1.0    15    18     741    (-,-) 
  ex_stage_i/final_adder_fpu_gen.fpu_i_fpu_gen.i_fpnew_bulk_gen_operation_groups[3].i_opgroup_block_gen_merged_slice.i_multifmt_slice_gen_num_lanes[0].active_lane.lane_instance.i_fpnew_cast_multi_mux_ifmt_rounded_signed_res[int_fmt_q2]_622_28_g2484/X -       A1->X  F     HDBLVT20_NR2_2             4  2.6    11    11     752    (-,-) 
  ex_stage_i/final_adder_fpu_gen.fpu_i_fpu_gen.i_fpnew_bulk_gen_operation_groups[3].i_opgroup_block_gen_merged_slice.i_multifmt_slice_gen_num_lanes[0].active_lane.lane_instance.i_fpnew_cast_multi_mux_ifmt_rounded_signed_res[int_fmt_q2]_622_28_g2480/X -       A->X   R     HDBLVT20_AN3B_2            1  0.9    10    12     764    (-,-) 
  ex_stage_i/final_adder_fpu_gen.fpu_i_fpu_gen.i_fpnew_bulk_gen_operation_groups[3].i_opgroup_block_gen_merged_slice.i_multifmt_slice_gen_num_lanes[0].active_lane.lane_instance.i_fpnew_cast_multi_mux_ifmt_rounded_signed_res[int_fmt_q2]_622_28_g2467/X -       B1->X  F     HDBLVT20_AOI211_2          4  2.7    20    10     774    (-,-) 
  ex_stage_i/final_adder_fpu_gen.fpu_i_fpu_gen.i_fpnew_bulk_gen_operation_groups[3].i_opgroup_block_gen_merged_slice.i_multifmt_slice_gen_num_lanes[0].active_lane.lane_instance.i_fpnew_cast_multi_mux_ifmt_rounded_signed_res[int_fmt_q2]_622_28_g2464/X -       A1->X  R     HDBLVT20_NR2_1P5           2  1.4    13    14     789    (-,-) 
  ex_stage_i/final_adder_fpu_gen.fpu_i_fpu_gen.i_fpnew_bulk_gen_operation_groups[3].i_opgroup_block_gen_merged_slice.i_multifmt_slice_gen_num_lanes[0].active_lane.lane_instance.i_fpnew_cast_multi_mux_ifmt_rounded_signed_res[int_fmt_q2]_622_28_g2437/X -       A1->X  F     HDBLVT20_AOI21_2           4  2.4    16    16     804    (-,-) 
  ex_stage_i/final_adder_fpu_gen.fpu_i_fpu_gen.i_fpnew_bulk_gen_operation_groups[3].i_opgroup_block_gen_merged_slice.i_multifmt_slice_gen_num_lanes[0].active_lane.lane_instance.i_fpnew_cast_multi_mux_ifmt_rounded_signed_res[int_fmt_q2]_622_28_g2415/X -       A1->X  R     HDBLVT20_OAI21_MM_2        2  1.4    13    15     819    (-,-) 
  ex_stage_i/final_adder_fpu_gen.fpu_i_fpu_gen.i_fpnew_bulk_gen_operation_groups[3].i_opgroup_block_gen_merged_slice.i_multifmt_slice_gen_num_lanes[0].active_lane.lane_instance.i_fpnew_cast_multi_mux_ifmt_rounded_signed_res[int_fmt_q2]_622_28_g2402/X -       A1->X  F     HDBLVT20_ND2_MM_2          2  1.4    10    11     830    (-,-) 
  ex_stage_i/final_adder_fpu_gen.fpu_i_fpu_gen.i_fpnew_bulk_gen_operation_groups[3].i_opgroup_block_gen_merged_slice.i_multifmt_slice_gen_num_lanes[0].active_lane.lane_instance.i_fpnew_cast_multi_mux_ifmt_rounded_signed_res[int_fmt_q2]_622_28_g2383/X -       A1->X  R     HDBLVT20_OAI21_2           3  2.4    17    16     846    (-,-) 
  ex_stage_i/final_adder_fpu_gen.fpu_i_fpu_gen.i_fpnew_bulk_gen_operation_groups[3].i_opgroup_block_gen_merged_slice.i_multifmt_slice_gen_num_lanes[0].active_lane.lane_instance.i_fpnew_cast_multi_mux_ifmt_rounded_signed_res[int_fmt_q2]_622_28_g2370/X -       A1->X  F     HDBLVT20_AOI21B_2          2  1.4    12    13     859    (-,-) 
  ex_stage_i/final_adder_fpu_gen.fpu_i_fpu_gen.i_fpnew_bulk_gen_operation_groups[3].i_opgroup_block_gen_merged_slice.i_multifmt_slice_gen_num_lanes[0].active_lane.lane_instance.i_fpnew_cast_multi_mux_ifmt_rounded_signed_res[int_fmt_q2]_622_28_g2366/X -       A1->X  R     HDBLVT20_OAI21B_1          1  0.9    14    14     873    (-,-) 
  ex_stage_i/final_adder_fpu_gen.fpu_i_fpu_gen.i_fpnew_bulk_gen_operation_groups[3].i_opgroup_block_gen_merged_slice.i_multifmt_slice_gen_num_lanes[0].active_lane.lane_instance.i_fpnew_cast_multi_mux_ifmt_rounded_signed_res[int_fmt_q2]_622_28_g2363/X -       A1->X  R     HDBLVT20_EN2_V2_1          2  1.0    15    22     894    (-,-) 
  ex_stage_i/g151560/X                                                                                                                                                                                                                                     -       B1->X  F     HDBLVT20_OAI22_1           1  0.5    15    15     910    (-,-) 
  ex_stage_i/g150776/X                                                                                                                                                                                                                                     -       B1->X  R     HDBLVT20_AOI32_1           1  0.9    32    18     928    (-,-) 
  ex_stage_i/g148554/X                                                                                                                                                                                                                                     -       A1->X  F     HDBLVT20_OAI21_2           2  2.1    15    19     947    (-,-) 
  ex_stage_i/g148384/X                                                                                                                                                                                                                                     -       A1->X  R     HDBLVT20_NR2_3             4  2.4    13    14     961    (-,-) 
  ex_stage_i/g148062/X                                                                                                                                                                                                                                     -       B1->X  R     HDBLVT20_AO2BB2_1          2  1.0    15    22     983    (-,-) 
  ex_stage_i/g147876/X                                                                                                                                                                                                                                     -       A1->X  F     HDBLVT20_NR2_1             4  2.1    15    14     997    (-,-) 
  ex_stage_i/g147686/X                                                                                                                                                                                                                                     -       B->X   R     HDBLVT20_NR2B_V1_1         3  1.8    22    21    1018    (-,-) 
  ex_stage_i/g146848/X                                                                                                                                                                                                                                     -       A1->X  F     HDBLVT20_OAOI211_2         3  1.9    33    18    1036    (-,-) 
  ex_stage_i/g146579/X                                                                                                                                                                                                                                     -       A1->X  F     HDBLVT20_AN2_DMM_8        19 17.0    16    35    1072    (-,-) 
  ex_stage_i/g146268/X                                                                                                                                                                                                                                     -       A1->X  R     HDBLVT20_ND2_2            13  5.2    20    18    1090    (-,-) 
  g207159/X                                                                                                                                                                                                                                                -       A->X   F     HDBLVT20_INV_1             5  2.5    15    16    1106    (-,-) 
  g198072/X                                                                                                                                                                                                                                                -       A1->X  R     HDBLVT20_OAI21_MM_0P5      3  1.3    24    20    1126    (-,-) 
  g196532/X                                                                                                                                                                                                                                                -       B1->X  F     HDBLVT20_AOI22_0P75        1  0.5    51    19    1146    (-,-) 
  g196386/X                                                                                                                                                                                                                                                -       A2->X  R     HDBLVT20_ND2_MM_1          1  0.4    16    18    1164    (-,-) 
  g196211/X                                                                                                                                                                                                                                                -       A1->X  F     HDBLVT20_NR2_MM_1          1  0.5    10    12    1176    (-,-) 
  g195804/X                                                                                                                                                                                                                                                -       A1->X  R     HDBLVT20_OAI21_MM_0P5      4  0.9    21    16    1192    (-,-) 
  ex_stage_i/vaddr_to_be_flushed_reg[45]/D                                                                                                                                                                                                                 -       -      R     HDBLVT20_FSDPRBQ_D_1       4    -     -     0    1192    (-,-) 
#----------------------------------------------------------------------------------------------------------------------------------------------------------------------------------------------------------------------------------------------------------------------------------------------------------------------------------------------



Path 8: MET (12 ps) Setup Check with Pin ex_stage_i/vaddr_to_be_flushed_reg[45]/CK->D
          Group: clk
     Startpoint: (R) ex_stage_i/fpu_gen.fpu_i_fpu_gen.i_fpnew_bulk_gen_operation_groups[3].i_opgroup_block_gen_merged_slice.i_multifmt_slice_gen_num_lanes[0].active_lane.lane_instance.i_fpnew_cast_multi_mid_pipe_dst_fmt_q_reg[1][2]/CK
          Clock: (R) clk
       Endpoint: (R) ex_stage_i/vaddr_to_be_flushed_reg[45]/D
          Clock: (R) clk

                     Capture       Launch     
        Clock Edge:+    1250            0     
       Src Latency:+       0            0     
       Net Latency:+       0 (I)        0 (I) 
           Arrival:=    1250            0     
                                              
             Setup:-      46                  
     Required Time:=    1204                  
      Launch Clock:-       0                  
         Data Path:-    1192                  
             Slack:=      12                  

#---------------------------------------------------------------------------------------------------------------------------------------------------------------------------------------------------------------------------------------------------------------------------------------------------------------------------------------------
#                                                                                                                      Timing Point                                                                                                                        Flags   Arc   Edge         Cell           Fanout Load Trans Delay Arrival Instance 
#                                                                                                                                                                                                                                                                                                           (fF)  (ps)  (ps)   (ps)  Location 
#---------------------------------------------------------------------------------------------------------------------------------------------------------------------------------------------------------------------------------------------------------------------------------------------------------------------------------------------
  ex_stage_i/fpu_gen.fpu_i_fpu_gen.i_fpnew_bulk_gen_operation_groups[3].i_opgroup_block_gen_merged_slice.i_multifmt_slice_gen_num_lanes[0].active_lane.lane_instance.i_fpnew_cast_multi_mid_pipe_dst_fmt_q_reg[1][2]/CK                                    -       -     R     (arrival)              23656    -     0     0       0    (-,-) 
  ex_stage_i/fpu_gen.fpu_i_fpu_gen.i_fpnew_bulk_gen_operation_groups[3].i_opgroup_block_gen_merged_slice.i_multifmt_slice_gen_num_lanes[0].active_lane.lane_instance.i_fpnew_cast_multi_mid_pipe_dst_fmt_q_reg[1][2]/Q                                     -       CK->Q R     HDBLVT20_FSDPRBQ_D_1       7  4.5    31    55      55    (-,-) 
  ex_stage_i/g4149/X                                                                                                                                                                                                                                       -       A2->X F     HDBLVT20_NR2_MM_2          4  2.3    17    21      76    (-,-) 
  ex_stage_i/g4112/X                                                                                                                                                                                                                                       -       A1->X R     HDBLVT20_ND2_MM_2          3  1.5    10    12      88    (-,-) 
  ex_stage_i/g4073/X                                                                                                                                                                                                                                       -       A1->X F     HDBLVT20_ND2_1             3  1.5    18    15     103    (-,-) 
  ex_stage_i/g4062/X                                                                                                                                                                                                                                       -       B->X  R     HDBLVT20_OAI21_MM_0P5      2  1.4    23    16     118    (-,-) 
  ex_stage_i/g4033/X                                                                                                                                                                                                                                       -       A1->X F     HDBLVT20_ND2_MM_1          2  1.5    18    19     137    (-,-) 
  ex_stage_i/g4014/X                                                                                                                                                                                                                                       -       A1->X R     HDBLVT20_OAI21_MM_1        1  1.6    22    21     158    (-,-) 
  ex_stage_i/g3926/S                                                                                                                                                                                                                                       -       CI->S F     HDBLVT20_ADDF_V1_1         1  0.5    10    44     203    (-,-) 
  ex_stage_i/g3918/X                                                                                                                                                                                                                                       -       A2->X R     HDBLVT20_ND2_MM_1          1  0.5     8     9     212    (-,-) 
  ex_stage_i/g3914/X                                                                                                                                                                                                                                       -       B1->X F     HDBLVT20_OAI211_1          3  2.3    40    28     240    (-,-) 
  ex_stage_i/fpu_gen.fpu_i_fpu_gen.i_fpnew_bulk_gen_operation_groups[3].i_opgroup_block_gen_merged_slice.i_multifmt_slice_gen_num_lanes[0].active_lane.lane_instance.i_fpnew_cast_multi_srl_492_2980_g11945/X                                              -       A->X  F     HDBLVT20_BUF_M_4          22 10.4    16    30     270    (-,-) 
  ex_stage_i/fpu_gen.fpu_i_fpu_gen.i_fpnew_bulk_gen_operation_groups[3].i_opgroup_block_gen_merged_slice.i_multifmt_slice_gen_num_lanes[0].active_lane.lane_instance.i_fpnew_cast_multi_srl_492_2980_g11936/X                                              -       A->X  R     HDBLVT20_INV_2            15  7.8    25    22     291    (-,-) 
  ex_stage_i/fpu_gen.fpu_i_fpu_gen.i_fpnew_bulk_gen_operation_groups[3].i_opgroup_block_gen_merged_slice.i_multifmt_slice_gen_num_lanes[0].active_lane.lane_instance.i_fpnew_cast_multi_srl_492_2980_g11586/X                                              -       B2->X R     HDBLVT20_OA2BB2_1          2  1.0    16    29     320    (-,-) 
  ex_stage_i/fpu_gen.fpu_i_fpu_gen.i_fpnew_bulk_gen_operation_groups[3].i_opgroup_block_gen_merged_slice.i_multifmt_slice_gen_num_lanes[0].active_lane.lane_instance.i_fpnew_cast_multi_srl_492_2980_g11495/X                                              -       A1->X F     HDBLVT20_NR2_1             2  0.9    12    11     331    (-,-) 
  ex_stage_i/fpu_gen.fpu_i_fpu_gen.i_fpnew_bulk_gen_operation_groups[3].i_opgroup_block_gen_merged_slice.i_multifmt_slice_gen_num_lanes[0].active_lane.lane_instance.i_fpnew_cast_multi_srl_492_2980_g12277/X                                              -       A->X  F     HDBLVT20_NR2B_0P5          2  1.0    16    21     352    (-,-) 
  ex_stage_i/fpu_gen.fpu_i_fpu_gen.i_fpnew_bulk_gen_operation_groups[3].i_opgroup_block_gen_merged_slice.i_multifmt_slice_gen_num_lanes[0].active_lane.lane_instance.i_fpnew_cast_multi_srl_492_2980_g11160/X                                              -       B1->X F     HDBLVT20_AO2BB2_1          1  0.4    16    21     373    (-,-) 
  ex_stage_i/g10116/X                                                                                                                                                                                                                                      -       A3->X R     HDBLVT20_NR4_0P5           1  0.4    19    22     395    (-,-) 
  ex_stage_i/g9809/X                                                                                                                                                                                                                                       -       A2->X F     HDBLVT20_ND4_MM_1          1  0.5    20    20     416    (-,-) 
  ex_stage_i/g9707/X                                                                                                                                                                                                                                       -       A2->X R     HDBLVT20_NR2_1             1  1.1    17    19     434    (-,-) 
  ex_stage_i/g9677/X                                                                                                                                                                                                                                       -       A2->X F     HDBLVT20_ND2_2             3  1.7    12    14     448    (-,-) 
  ex_stage_i/g9545/X                                                                                                                                                                                                                                       -       A1->X R     HDBLVT20_NR2_MM_1P5        2  1.0    10    11     458    (-,-) 
  ex_stage_i/g9382/X                                                                                                                                                                                                                                       -       A1->X F     HDBLVT20_OAI21B_1          2  0.8    17    11     470    (-,-) 
  ex_stage_i/g9343/X                                                                                                                                                                                                                                       -       A1->X R     HDBLVT20_NR2_MM_1          1  0.5    11    12     482    (-,-) 
  ex_stage_i/g9294/X                                                                                                                                                                                                                                       -       A1->X F     HDBLVT20_OAI21B_1          1  0.9    15    12     494    (-,-) 
  ex_stage_i/g9257/X                                                                                                                                                                                                                                       -       A1->X R     HDBLVT20_AOI21_MM_2        2  1.9    14    17     511    (-,-) 
  ex_stage_i/g9251/X                                                                                                                                                                                                                                       -       S->X  R     HDBLVT20_MUXI2_V2_2        4  2.4    25    19     530    (-,-) 
  ex_stage_i/final_adder_fpu_gen.fpu_i_fpu_gen.i_fpnew_bulk_gen_operation_groups[3].i_opgroup_block_gen_merged_slice.i_multifmt_slice_gen_num_lanes[0].active_lane.lane_instance.i_fpnew_cast_multi_mux_604_34_g1995/X                                     -       A1->X F     HDBLVT20_AOI21B_1          2  1.0    16    17     547    (-,-) 
  ex_stage_i/final_adder_fpu_gen.fpu_i_fpu_gen.i_fpnew_bulk_gen_operation_groups[3].i_opgroup_block_gen_merged_slice.i_multifmt_slice_gen_num_lanes[0].active_lane.lane_instance.i_fpnew_cast_multi_mux_604_34_g1976/X                                     -       A1->X R     HDBLVT20_OAI21B_1          2  1.4    19    18     565    (-,-) 
  ex_stage_i/final_adder_fpu_gen.fpu_i_fpu_gen.i_fpnew_bulk_gen_operation_groups[3].i_opgroup_block_gen_merged_slice.i_multifmt_slice_gen_num_lanes[0].active_lane.lane_instance.i_fpnew_cast_multi_mux_604_34_g1966/X                                     -       B->X  F     HDBLVT20_ND2B_2            2  1.4    12    12     577    (-,-) 
  ex_stage_i/final_adder_fpu_gen.fpu_i_fpu_gen.i_fpnew_bulk_gen_operation_groups[3].i_opgroup_block_gen_merged_slice.i_multifmt_slice_gen_num_lanes[0].active_lane.lane_instance.i_fpnew_cast_multi_mux_604_34_g1960/X                                     -       A1->X R     HDBLVT20_ND2_MM_2          3  2.0    11    11     588    (-,-) 
  ex_stage_i/final_adder_fpu_gen.fpu_i_fpu_gen.i_fpnew_bulk_gen_operation_groups[3].i_opgroup_block_gen_merged_slice.i_multifmt_slice_gen_num_lanes[0].active_lane.lane_instance.i_fpnew_cast_multi_mux_604_34_g1948/X                                     -       A1->X F     HDBLVT20_AOI21B_2          2  1.2    10    11     599    (-,-) 
  ex_stage_i/final_adder_fpu_gen.fpu_i_fpu_gen.i_fpnew_bulk_gen_operation_groups[3].i_opgroup_block_gen_merged_slice.i_multifmt_slice_gen_num_lanes[0].active_lane.lane_instance.i_fpnew_cast_multi_mux_604_34_g1947/X                                     -       A->X  R     HDBLVT20_INV_1             2  1.4    11    11     610    (-,-) 
  ex_stage_i/final_adder_fpu_gen.fpu_i_fpu_gen.i_fpnew_bulk_gen_operation_groups[3].i_opgroup_block_gen_merged_slice.i_multifmt_slice_gen_num_lanes[0].active_lane.lane_instance.i_fpnew_cast_multi_mux_604_34_g1927/X                                     -       A1->X F     HDBLVT20_AOI21_MM_2        2  1.5    14    14     624    (-,-) 
  ex_stage_i/final_adder_fpu_gen.fpu_i_fpu_gen.i_fpnew_bulk_gen_operation_groups[3].i_opgroup_block_gen_merged_slice.i_multifmt_slice_gen_num_lanes[0].active_lane.lane_instance.i_fpnew_cast_multi_mux_604_34_g2159/X                                     -       A1->X R     HDBLVT20_OAI21_MM_1        1  0.9    15    15     639    (-,-) 
  ex_stage_i/final_adder_fpu_gen.fpu_i_fpu_gen.i_fpnew_bulk_gen_operation_groups[3].i_opgroup_block_gen_merged_slice.i_multifmt_slice_gen_num_lanes[0].active_lane.lane_instance.i_fpnew_cast_multi_mux_604_34_g1905/X                                     -       A1->X R     HDBLVT20_EN2_V2_1          1  0.5    11    20     660    (-,-) 
  ex_stage_i/g3707/X                                                                                                                                                                                                                                       -       A1->X R     HDBLVT20_AO21_2            4  2.9    13    25     684    (-,-) 
  ex_stage_i/final_adder_fpu_gen.fpu_i_fpu_gen.i_fpnew_bulk_gen_operation_groups[3].i_opgroup_block_gen_merged_slice.i_multifmt_slice_gen_num_lanes[0].active_lane.lane_instance.i_fpnew_cast_multi_mux_ifmt_rounded_signed_res[int_fmt_q2]_622_28_g2830/X -       A1->X F     HDBLVT20_NR2_2             3  1.6    10     9     693    (-,-) 
  ex_stage_i/final_adder_fpu_gen.fpu_i_fpu_gen.i_fpnew_bulk_gen_operation_groups[3].i_opgroup_block_gen_merged_slice.i_multifmt_slice_gen_num_lanes[0].active_lane.lane_instance.i_fpnew_cast_multi_mux_ifmt_rounded_signed_res[int_fmt_q2]_622_28_g2671/X -       A2->X R     HDBLVT20_NR2_1             2  1.5    19    18     711    (-,-) 
  ex_stage_i/final_adder_fpu_gen.fpu_i_fpu_gen.i_fpnew_bulk_gen_operation_groups[3].i_opgroup_block_gen_merged_slice.i_multifmt_slice_gen_num_lanes[0].active_lane.lane_instance.i_fpnew_cast_multi_mux_ifmt_rounded_signed_res[int_fmt_q2]_622_28_g2576/X -       A2->X F     HDBLVT20_ND3_2             2  1.3    16    18     728    (-,-) 
  ex_stage_i/final_adder_fpu_gen.fpu_i_fpu_gen.i_fpnew_bulk_gen_operation_groups[3].i_opgroup_block_gen_merged_slice.i_multifmt_slice_gen_num_lanes[0].active_lane.lane_instance.i_fpnew_cast_multi_mux_ifmt_rounded_signed_res[int_fmt_q2]_622_28_g2538/X -       A1->X R     HDBLVT20_NR2_MM_2          2  1.5    12    12     741    (-,-) 
  ex_stage_i/final_adder_fpu_gen.fpu_i_fpu_gen.i_fpnew_bulk_gen_operation_groups[3].i_opgroup_block_gen_merged_slice.i_multifmt_slice_gen_num_lanes[0].active_lane.lane_instance.i_fpnew_cast_multi_mux_ifmt_rounded_signed_res[int_fmt_q2]_622_28_g2480/X -       B2->X R     HDBLVT20_AN3B_2            1  0.9    10    23     764    (-,-) 
  ex_stage_i/final_adder_fpu_gen.fpu_i_fpu_gen.i_fpnew_bulk_gen_operation_groups[3].i_opgroup_block_gen_merged_slice.i_multifmt_slice_gen_num_lanes[0].active_lane.lane_instance.i_fpnew_cast_multi_mux_ifmt_rounded_signed_res[int_fmt_q2]_622_28_g2467/X -       B1->X F     HDBLVT20_AOI211_2          4  2.7    20    10     774    (-,-) 
  ex_stage_i/final_adder_fpu_gen.fpu_i_fpu_gen.i_fpnew_bulk_gen_operation_groups[3].i_opgroup_block_gen_merged_slice.i_multifmt_slice_gen_num_lanes[0].active_lane.lane_instance.i_fpnew_cast_multi_mux_ifmt_rounded_signed_res[int_fmt_q2]_622_28_g2464/X -       A1->X R     HDBLVT20_NR2_1P5           2  1.4    13    14     789    (-,-) 
  ex_stage_i/final_adder_fpu_gen.fpu_i_fpu_gen.i_fpnew_bulk_gen_operation_groups[3].i_opgroup_block_gen_merged_slice.i_multifmt_slice_gen_num_lanes[0].active_lane.lane_instance.i_fpnew_cast_multi_mux_ifmt_rounded_signed_res[int_fmt_q2]_622_28_g2437/X -       A1->X F     HDBLVT20_AOI21_2           4  2.4    16    16     804    (-,-) 
  ex_stage_i/final_adder_fpu_gen.fpu_i_fpu_gen.i_fpnew_bulk_gen_operation_groups[3].i_opgroup_block_gen_merged_slice.i_multifmt_slice_gen_num_lanes[0].active_lane.lane_instance.i_fpnew_cast_multi_mux_ifmt_rounded_signed_res[int_fmt_q2]_622_28_g2415/X -       A1->X R     HDBLVT20_OAI21_MM_2        2  1.4    13    15     819    (-,-) 
  ex_stage_i/final_adder_fpu_gen.fpu_i_fpu_gen.i_fpnew_bulk_gen_operation_groups[3].i_opgroup_block_gen_merged_slice.i_multifmt_slice_gen_num_lanes[0].active_lane.lane_instance.i_fpnew_cast_multi_mux_ifmt_rounded_signed_res[int_fmt_q2]_622_28_g2402/X -       A1->X F     HDBLVT20_ND2_MM_2          2  1.4    10    11     830    (-,-) 
  ex_stage_i/final_adder_fpu_gen.fpu_i_fpu_gen.i_fpnew_bulk_gen_operation_groups[3].i_opgroup_block_gen_merged_slice.i_multifmt_slice_gen_num_lanes[0].active_lane.lane_instance.i_fpnew_cast_multi_mux_ifmt_rounded_signed_res[int_fmt_q2]_622_28_g2383/X -       A1->X R     HDBLVT20_OAI21_2           3  2.4    17    16     846    (-,-) 
  ex_stage_i/final_adder_fpu_gen.fpu_i_fpu_gen.i_fpnew_bulk_gen_operation_groups[3].i_opgroup_block_gen_merged_slice.i_multifmt_slice_gen_num_lanes[0].active_lane.lane_instance.i_fpnew_cast_multi_mux_ifmt_rounded_signed_res[int_fmt_q2]_622_28_g2370/X -       A1->X F     HDBLVT20_AOI21B_2          2  1.4    12    13     859    (-,-) 
  ex_stage_i/final_adder_fpu_gen.fpu_i_fpu_gen.i_fpnew_bulk_gen_operation_groups[3].i_opgroup_block_gen_merged_slice.i_multifmt_slice_gen_num_lanes[0].active_lane.lane_instance.i_fpnew_cast_multi_mux_ifmt_rounded_signed_res[int_fmt_q2]_622_28_g2366/X -       A1->X R     HDBLVT20_OAI21B_1          1  0.9    14    14     873    (-,-) 
  ex_stage_i/final_adder_fpu_gen.fpu_i_fpu_gen.i_fpnew_bulk_gen_operation_groups[3].i_opgroup_block_gen_merged_slice.i_multifmt_slice_gen_num_lanes[0].active_lane.lane_instance.i_fpnew_cast_multi_mux_ifmt_rounded_signed_res[int_fmt_q2]_622_28_g2363/X -       A1->X R     HDBLVT20_EN2_V2_1          2  1.0    15    22     894    (-,-) 
  ex_stage_i/g151560/X                                                                                                                                                                                                                                     -       B1->X F     HDBLVT20_OAI22_1           1  0.5    15    15     910    (-,-) 
  ex_stage_i/g150776/X                                                                                                                                                                                                                                     -       B1->X R     HDBLVT20_AOI32_1           1  0.9    32    18     928    (-,-) 
  ex_stage_i/g148554/X                                                                                                                                                                                                                                     -       A1->X F     HDBLVT20_OAI21_2           2  2.1    15    19     947    (-,-) 
  ex_stage_i/g148384/X                                                                                                                                                                                                                                     -       A1->X R     HDBLVT20_NR2_3             4  2.4    13    14     961    (-,-) 
  ex_stage_i/g148062/X                                                                                                                                                                                                                                     -       B1->X R     HDBLVT20_AO2BB2_1          2  1.0    15    22     983    (-,-) 
  ex_stage_i/g147876/X                                                                                                                                                                                                                                     -       A1->X F     HDBLVT20_NR2_1             4  2.1    15    14     997    (-,-) 
  ex_stage_i/g147686/X                                                                                                                                                                                                                                     -       B->X  R     HDBLVT20_NR2B_V1_1         3  1.8    22    21    1018    (-,-) 
  ex_stage_i/g146848/X                                                                                                                                                                                                                                     -       A1->X F     HDBLVT20_OAOI211_2         3  1.9    33    18    1036    (-,-) 
  ex_stage_i/g146579/X                                                                                                                                                                                                                                     -       A1->X F     HDBLVT20_AN2_DMM_8        19 17.0    16    35    1072    (-,-) 
  ex_stage_i/g146268/X                                                                                                                                                                                                                                     -       A1->X R     HDBLVT20_ND2_2            13  5.2    20    18    1090    (-,-) 
  g207159/X                                                                                                                                                                                                                                                -       A->X  F     HDBLVT20_INV_1             5  2.5    15    16    1106    (-,-) 
  g198072/X                                                                                                                                                                                                                                                -       A1->X R     HDBLVT20_OAI21_MM_0P5      3  1.3    24    20    1126    (-,-) 
  g196532/X                                                                                                                                                                                                                                                -       B1->X F     HDBLVT20_AOI22_0P75        1  0.5    51    19    1146    (-,-) 
  g196386/X                                                                                                                                                                                                                                                -       A2->X R     HDBLVT20_ND2_MM_1          1  0.4    16    18    1164    (-,-) 
  g196211/X                                                                                                                                                                                                                                                -       A1->X F     HDBLVT20_NR2_MM_1          1  0.5    10    12    1176    (-,-) 
  g195804/X                                                                                                                                                                                                                                                -       A1->X R     HDBLVT20_OAI21_MM_0P5      4  0.9    21    16    1192    (-,-) 
  ex_stage_i/vaddr_to_be_flushed_reg[45]/D                                                                                                                                                                                                                 -       -     R     HDBLVT20_FSDPRBQ_D_1       4    -     -     0    1192    (-,-) 
#---------------------------------------------------------------------------------------------------------------------------------------------------------------------------------------------------------------------------------------------------------------------------------------------------------------------------------------------



Path 9: MET (12 ps) Setup Check with Pin ex_stage_i/vaddr_to_be_flushed_reg[45]/CK->D
          Group: clk
     Startpoint: (R) ex_stage_i/fpu_gen.fpu_i_fpu_gen.i_fpnew_bulk_gen_operation_groups[3].i_opgroup_block_gen_merged_slice.i_multifmt_slice_gen_num_lanes[0].active_lane.lane_instance.i_fpnew_cast_multi_mid_pipe_dst_fmt_q_reg[1][2]/CK
          Clock: (R) clk
       Endpoint: (R) ex_stage_i/vaddr_to_be_flushed_reg[45]/D
          Clock: (R) clk

                     Capture       Launch     
        Clock Edge:+    1250            0     
       Src Latency:+       0            0     
       Net Latency:+       0 (I)        0 (I) 
           Arrival:=    1250            0     
                                              
             Setup:-      46                  
     Required Time:=    1204                  
      Launch Clock:-       0                  
         Data Path:-    1192                  
             Slack:=      12                  

#---------------------------------------------------------------------------------------------------------------------------------------------------------------------------------------------------------------------------------------------------------------------------------------------------------------------------------------------
#                                                                                                                      Timing Point                                                                                                                        Flags   Arc   Edge         Cell           Fanout Load Trans Delay Arrival Instance 
#                                                                                                                                                                                                                                                                                                           (fF)  (ps)  (ps)   (ps)  Location 
#---------------------------------------------------------------------------------------------------------------------------------------------------------------------------------------------------------------------------------------------------------------------------------------------------------------------------------------------
  ex_stage_i/fpu_gen.fpu_i_fpu_gen.i_fpnew_bulk_gen_operation_groups[3].i_opgroup_block_gen_merged_slice.i_multifmt_slice_gen_num_lanes[0].active_lane.lane_instance.i_fpnew_cast_multi_mid_pipe_dst_fmt_q_reg[1][2]/CK                                    -       -     R     (arrival)              23656    -     0     0       0    (-,-) 
  ex_stage_i/fpu_gen.fpu_i_fpu_gen.i_fpnew_bulk_gen_operation_groups[3].i_opgroup_block_gen_merged_slice.i_multifmt_slice_gen_num_lanes[0].active_lane.lane_instance.i_fpnew_cast_multi_mid_pipe_dst_fmt_q_reg[1][2]/Q                                     -       CK->Q R     HDBLVT20_FSDPRBQ_D_1       7  4.5    31    55      55    (-,-) 
  ex_stage_i/g4169/X                                                                                                                                                                                                                                       -       A->X  F     HDBLVT20_INV_2             3  3.0    14    16      71    (-,-) 
  ex_stage_i/g4148/X                                                                                                                                                                                                                                       -       A1->X R     HDBLVT20_ND2_2             3  2.0    10    12      83    (-,-) 
  ex_stage_i/g4114/X                                                                                                                                                                                                                                       -       A2->X F     HDBLVT20_ND2_1             2  1.3    16    14      97    (-,-) 
  ex_stage_i/g4075/X                                                                                                                                                                                                                                       -       A1->X R     HDBLVT20_ND2_1P5           5  2.4    14    13     110    (-,-) 
  ex_stage_i/g4045/X                                                                                                                                                                                                                                       -       A2->X F     HDBLVT20_AO2BB2_1          1  0.5    12    12     123    (-,-) 
  ex_stage_i/g4034/X                                                                                                                                                                                                                                       -       A2->X R     HDBLVT20_NR2_1             1  1.3    17    17     140    (-,-) 
  ex_stage_i/g3963/X                                                                                                                                                                                                                                       -       A1->X F     HDBLVT20_AOAI211_3         2  2.5    20    22     162    (-,-) 
  ex_stage_i/g3925/X                                                                                                                                                                                                                                       -       A->X  R     HDBLVT20_OR3B_4            7  5.3    14    15     177    (-,-) 
  ex_stage_i/g3916/X                                                                                                                                                                                                                                       -       A1->X F     HDBLVT20_AO2BB2_3          1  2.0    12    12     189    (-,-) 
  ex_stage_i/g3912/X                                                                                                                                                                                                                                       -       A1->X F     HDBLVT20_OR2_8            45 28.0    20    29     218    (-,-) 
  ex_stage_i/fpu_gen.fpu_i_fpu_gen.i_fpnew_bulk_gen_operation_groups[3].i_opgroup_block_gen_merged_slice.i_multifmt_slice_gen_num_lanes[0].active_lane.lane_instance.i_fpnew_cast_multi_srl_492_2980_g12050_0/X                                            -       A->X  R     HDBLVT20_INV_6            32 15.1    18    18     237    (-,-) 
  ex_stage_i/fpu_gen.fpu_i_fpu_gen.i_fpnew_bulk_gen_operation_groups[3].i_opgroup_block_gen_merged_slice.i_multifmt_slice_gen_num_lanes[0].active_lane.lane_instance.i_fpnew_cast_multi_srl_492_2980_g11820/X                                              -       A1->X F     HDBLVT20_AOI22_MM_1        2  1.0    20    16     252    (-,-) 
  ex_stage_i/fpu_gen.fpu_i_fpu_gen.i_fpnew_bulk_gen_operation_groups[3].i_opgroup_block_gen_merged_slice.i_multifmt_slice_gen_num_lanes[0].active_lane.lane_instance.i_fpnew_cast_multi_srl_492_2980_g11777/X                                              -       A1->X R     HDBLVT20_OAI22_1           2  0.9    19    16     269    (-,-) 
  ex_stage_i/fpu_gen.fpu_i_fpu_gen.i_fpnew_bulk_gen_operation_groups[3].i_opgroup_block_gen_merged_slice.i_multifmt_slice_gen_num_lanes[0].active_lane.lane_instance.i_fpnew_cast_multi_srl_492_2980_g11743/X                                              -       A->X  F     HDBLVT20_INV_1             1  0.5     8     9     278    (-,-) 
  ex_stage_i/fpu_gen.fpu_i_fpu_gen.i_fpnew_bulk_gen_operation_groups[3].i_opgroup_block_gen_merged_slice.i_multifmt_slice_gen_num_lanes[0].active_lane.lane_instance.i_fpnew_cast_multi_srl_492_2980_g11641/X                                              -       B1->X R     HDBLVT20_OAI22_1           2  0.9    19    16     294    (-,-) 
  ex_stage_i/fpu_gen.fpu_i_fpu_gen.i_fpnew_bulk_gen_operation_groups[3].i_opgroup_block_gen_merged_slice.i_multifmt_slice_gen_num_lanes[0].active_lane.lane_instance.i_fpnew_cast_multi_srl_492_2980_g12281/X                                              -       A->X  R     HDBLVT20_NR2B_0P5          2  0.9    15    27     321    (-,-) 
  ex_stage_i/fpu_gen.fpu_i_fpu_gen.i_fpnew_bulk_gen_operation_groups[3].i_opgroup_block_gen_merged_slice.i_multifmt_slice_gen_num_lanes[0].active_lane.lane_instance.i_fpnew_cast_multi_srl_492_2980_g11450/X                                              -       B1->X R     HDBLVT20_AO2BB2_1          2  0.8    15    22     343    (-,-) 
  ex_stage_i/fpu_gen.fpu_i_fpu_gen.i_fpnew_bulk_gen_operation_groups[3].i_opgroup_block_gen_merged_slice.i_multifmt_slice_gen_num_lanes[0].active_lane.lane_instance.i_fpnew_cast_multi_srl_492_2980_g11365/X                                              -       A1->X F     HDBLVT20_ND2_MM_0P5        2  0.9    25    22     365    (-,-) 
  ex_stage_i/fpu_gen.fpu_i_fpu_gen.i_fpnew_bulk_gen_operation_groups[3].i_opgroup_block_gen_merged_slice.i_multifmt_slice_gen_num_lanes[0].active_lane.lane_instance.i_fpnew_cast_multi_srl_492_2980_g11174/X                                              -       B1->X R     HDBLVT20_OAI22_1           1  0.4    16    18     384    (-,-) 
  ex_stage_i/g10124/X                                                                                                                                                                                                                                      -       A1->X F     HDBLVT20_NR2_MM_1          1  0.5    11    12     396    (-,-) 
  ex_stage_i/g10119/X                                                                                                                                                                                                                                      -       A->X  R     HDBLVT20_OR3B_1            1  0.4     7     9     404    (-,-) 
  ex_stage_i/g9903/X                                                                                                                                                                                                                                       -       A2->X F     HDBLVT20_NR2_MM_1          1  0.4     9     9     414    (-,-) 
  ex_stage_i/g9725/X                                                                                                                                                                                                                                       -       A1->X R     HDBLVT20_ND4_MM_1          1  0.5    11    10     423    (-,-) 
  ex_stage_i/g9696/X                                                                                                                                                                                                                                       -       A->X  F     HDBLVT20_AN4B_1            1  1.0     8    10     433    (-,-) 
  ex_stage_i/g9677/X                                                                                                                                                                                                                                       -       A1->X R     HDBLVT20_ND2_2             3  1.7     9     9     442    (-,-) 
  ex_stage_i/g9545/X                                                                                                                                                                                                                                       -       A1->X F     HDBLVT20_NR2_MM_1P5        2  1.0     9     9     450    (-,-) 
  ex_stage_i/g9382/X                                                                                                                                                                                                                                       -       A1->X R     HDBLVT20_OAI21B_1          2  0.8    14    12     463    (-,-) 
  ex_stage_i/g9343/X                                                                                                                                                                                                                                       -       A1->X F     HDBLVT20_NR2_MM_1          1  0.5    12    12     474    (-,-) 
  ex_stage_i/g9294/X                                                                                                                                                                                                                                       -       A1->X R     HDBLVT20_OAI21B_1          1  0.9    14    14     488    (-,-) 
  ex_stage_i/g9257/X                                                                                                                                                                                                                                       -       A1->X F     HDBLVT20_AOI21_MM_2        2  1.9    16    16     504    (-,-) 
  ex_stage_i/g9251/X                                                                                                                                                                                                                                       -       S->X  F     HDBLVT20_MUXI2_V2_2        4  2.5    25    21     525    (-,-) 
  ex_stage_i/final_adder_fpu_gen.fpu_i_fpu_gen.i_fpnew_bulk_gen_operation_groups[3].i_opgroup_block_gen_merged_slice.i_multifmt_slice_gen_num_lanes[0].active_lane.lane_instance.i_fpnew_cast_multi_mux_604_34_g2148/X                                     -       A1->X R     HDBLVT20_ND2_2             3  2.3    16    16     541    (-,-) 
  ex_stage_i/final_adder_fpu_gen.fpu_i_fpu_gen.i_fpnew_bulk_gen_operation_groups[3].i_opgroup_block_gen_merged_slice.i_multifmt_slice_gen_num_lanes[0].active_lane.lane_instance.i_fpnew_cast_multi_mux_604_34_g2118/X                                     -       A->X  F     HDBLVT20_INV_0P75          1  0.5     8    10     551    (-,-) 
  ex_stage_i/final_adder_fpu_gen.fpu_i_fpu_gen.i_fpnew_bulk_gen_operation_groups[3].i_opgroup_block_gen_merged_slice.i_multifmt_slice_gen_num_lanes[0].active_lane.lane_instance.i_fpnew_cast_multi_mux_604_34_g2053/X                                     -       A1->X R     HDBLVT20_NR2_1             1  0.5    10    10     561    (-,-) 
  ex_stage_i/g3833/X                                                                                                                                                                                                                                       -       A1->X F     HDBLVT20_ND2_1             1  1.0    15    12     573    (-,-) 
  ex_stage_i/g3701/X                                                                                                                                                                                                                                       -       A1->X R     HDBLVT20_ND2_2             4  2.0    14    12     585    (-,-) 
  ex_stage_i/final_adder_fpu_gen.fpu_i_fpu_gen.i_fpnew_bulk_gen_operation_groups[3].i_opgroup_block_gen_merged_slice.i_multifmt_slice_gen_num_lanes[0].active_lane.lane_instance.i_fpnew_cast_multi_mux_ifmt_rounded_signed_res[int_fmt_q2]_622_28_g2841/X -       A1->X F     HDBLVT20_ND2_1             3  2.6    27    22     607    (-,-) 
  ex_stage_i/final_adder_fpu_gen.fpu_i_fpu_gen.i_fpnew_bulk_gen_operation_groups[3].i_opgroup_block_gen_merged_slice.i_multifmt_slice_gen_num_lanes[0].active_lane.lane_instance.i_fpnew_cast_multi_mux_ifmt_rounded_signed_res[int_fmt_q2]_622_28_g2537/X -       A2->X R     HDBLVT20_OAI21_2           2  2.0    16    22     628    (-,-) 
  ex_stage_i/final_adder_fpu_gen.fpu_i_fpu_gen.i_fpnew_bulk_gen_operation_groups[3].i_opgroup_block_gen_merged_slice.i_multifmt_slice_gen_num_lanes[0].active_lane.lane_instance.i_fpnew_cast_multi_mux_ifmt_rounded_signed_res[int_fmt_q2]_622_28_g2516/X -       A2->X F     HDBLVT20_AOI21_MM_2        2  1.9    16    18     646    (-,-) 
  ex_stage_i/final_adder_fpu_gen.fpu_i_fpu_gen.i_fpnew_bulk_gen_operation_groups[3].i_opgroup_block_gen_merged_slice.i_multifmt_slice_gen_num_lanes[0].active_lane.lane_instance.i_fpnew_cast_multi_mux_ifmt_rounded_signed_res[int_fmt_q2]_622_28_g2508/X -       A1->X R     HDBLVT20_OAI21_MM_2        3  2.5    18    18     664    (-,-) 
  ex_stage_i/final_adder_fpu_gen.fpu_i_fpu_gen.i_fpnew_bulk_gen_operation_groups[3].i_opgroup_block_gen_merged_slice.i_multifmt_slice_gen_num_lanes[0].active_lane.lane_instance.i_fpnew_cast_multi_mux_ifmt_rounded_signed_res[int_fmt_q2]_622_28_g2505/X -       A2->X R     HDBLVT20_AO21B_3           2  1.9     9    23     687    (-,-) 
  ex_stage_i/final_adder_fpu_gen.fpu_i_fpu_gen.i_fpnew_bulk_gen_operation_groups[3].i_opgroup_block_gen_merged_slice.i_multifmt_slice_gen_num_lanes[0].active_lane.lane_instance.i_fpnew_cast_multi_mux_ifmt_rounded_signed_res[int_fmt_q2]_622_28_g2502/X -       A1->X F     HDBLVT20_AOI21B_2          2  1.8    12    12     699    (-,-) 
  ex_stage_i/final_adder_fpu_gen.fpu_i_fpu_gen.i_fpnew_bulk_gen_operation_groups[3].i_opgroup_block_gen_merged_slice.i_multifmt_slice_gen_num_lanes[0].active_lane.lane_instance.i_fpnew_cast_multi_mux_ifmt_rounded_signed_res[int_fmt_q2]_622_28_g2498/X -       A1->X R     HDBLVT20_OAI21_2           4  2.8    19    18     716    (-,-) 
  ex_stage_i/final_adder_fpu_gen.fpu_i_fpu_gen.i_fpnew_bulk_gen_operation_groups[3].i_opgroup_block_gen_merged_slice.i_multifmt_slice_gen_num_lanes[0].active_lane.lane_instance.i_fpnew_cast_multi_mux_ifmt_rounded_signed_res[int_fmt_q2]_622_28_g2495/X -       B->X  F     HDBLVT20_ND2B_2            2  1.4    12    12     729    (-,-) 
  ex_stage_i/final_adder_fpu_gen.fpu_i_fpu_gen.i_fpnew_bulk_gen_operation_groups[3].i_opgroup_block_gen_merged_slice.i_multifmt_slice_gen_num_lanes[0].active_lane.lane_instance.i_fpnew_cast_multi_mux_ifmt_rounded_signed_res[int_fmt_q2]_622_28_g2490/X -       A1->X R     HDBLVT20_OAI22_2           1  1.0    15    12     741    (-,-) 
  ex_stage_i/final_adder_fpu_gen.fpu_i_fpu_gen.i_fpnew_bulk_gen_operation_groups[3].i_opgroup_block_gen_merged_slice.i_multifmt_slice_gen_num_lanes[0].active_lane.lane_instance.i_fpnew_cast_multi_mux_ifmt_rounded_signed_res[int_fmt_q2]_622_28_g2484/X -       A1->X F     HDBLVT20_NR2_2             4  2.6    11    11     752    (-,-) 
  ex_stage_i/final_adder_fpu_gen.fpu_i_fpu_gen.i_fpnew_bulk_gen_operation_groups[3].i_opgroup_block_gen_merged_slice.i_multifmt_slice_gen_num_lanes[0].active_lane.lane_instance.i_fpnew_cast_multi_mux_ifmt_rounded_signed_res[int_fmt_q2]_622_28_g2480/X -       A->X  R     HDBLVT20_AN3B_2            1  0.9    10    12     764    (-,-) 
  ex_stage_i/final_adder_fpu_gen.fpu_i_fpu_gen.i_fpnew_bulk_gen_operation_groups[3].i_opgroup_block_gen_merged_slice.i_multifmt_slice_gen_num_lanes[0].active_lane.lane_instance.i_fpnew_cast_multi_mux_ifmt_rounded_signed_res[int_fmt_q2]_622_28_g2467/X -       B1->X F     HDBLVT20_AOI211_2          4  2.7    20    10     774    (-,-) 
  ex_stage_i/final_adder_fpu_gen.fpu_i_fpu_gen.i_fpnew_bulk_gen_operation_groups[3].i_opgroup_block_gen_merged_slice.i_multifmt_slice_gen_num_lanes[0].active_lane.lane_instance.i_fpnew_cast_multi_mux_ifmt_rounded_signed_res[int_fmt_q2]_622_28_g2464/X -       A1->X R     HDBLVT20_NR2_1P5           2  1.4    13    14     789    (-,-) 
  ex_stage_i/final_adder_fpu_gen.fpu_i_fpu_gen.i_fpnew_bulk_gen_operation_groups[3].i_opgroup_block_gen_merged_slice.i_multifmt_slice_gen_num_lanes[0].active_lane.lane_instance.i_fpnew_cast_multi_mux_ifmt_rounded_signed_res[int_fmt_q2]_622_28_g2437/X -       A1->X F     HDBLVT20_AOI21_2           4  2.4    16    16     804    (-,-) 
  ex_stage_i/final_adder_fpu_gen.fpu_i_fpu_gen.i_fpnew_bulk_gen_operation_groups[3].i_opgroup_block_gen_merged_slice.i_multifmt_slice_gen_num_lanes[0].active_lane.lane_instance.i_fpnew_cast_multi_mux_ifmt_rounded_signed_res[int_fmt_q2]_622_28_g2415/X -       A1->X R     HDBLVT20_OAI21_MM_2        2  1.4    13    15     819    (-,-) 
  ex_stage_i/final_adder_fpu_gen.fpu_i_fpu_gen.i_fpnew_bulk_gen_operation_groups[3].i_opgroup_block_gen_merged_slice.i_multifmt_slice_gen_num_lanes[0].active_lane.lane_instance.i_fpnew_cast_multi_mux_ifmt_rounded_signed_res[int_fmt_q2]_622_28_g2402/X -       A1->X F     HDBLVT20_ND2_MM_2          2  1.4    10    11     830    (-,-) 
  ex_stage_i/final_adder_fpu_gen.fpu_i_fpu_gen.i_fpnew_bulk_gen_operation_groups[3].i_opgroup_block_gen_merged_slice.i_multifmt_slice_gen_num_lanes[0].active_lane.lane_instance.i_fpnew_cast_multi_mux_ifmt_rounded_signed_res[int_fmt_q2]_622_28_g2383/X -       A1->X R     HDBLVT20_OAI21_2           3  2.4    17    16     846    (-,-) 
  ex_stage_i/final_adder_fpu_gen.fpu_i_fpu_gen.i_fpnew_bulk_gen_operation_groups[3].i_opgroup_block_gen_merged_slice.i_multifmt_slice_gen_num_lanes[0].active_lane.lane_instance.i_fpnew_cast_multi_mux_ifmt_rounded_signed_res[int_fmt_q2]_622_28_g2370/X -       A1->X F     HDBLVT20_AOI21B_2          2  1.4    12    13     859    (-,-) 
  ex_stage_i/final_adder_fpu_gen.fpu_i_fpu_gen.i_fpnew_bulk_gen_operation_groups[3].i_opgroup_block_gen_merged_slice.i_multifmt_slice_gen_num_lanes[0].active_lane.lane_instance.i_fpnew_cast_multi_mux_ifmt_rounded_signed_res[int_fmt_q2]_622_28_g2366/X -       A1->X R     HDBLVT20_OAI21B_1          1  0.9    14    14     873    (-,-) 
  ex_stage_i/final_adder_fpu_gen.fpu_i_fpu_gen.i_fpnew_bulk_gen_operation_groups[3].i_opgroup_block_gen_merged_slice.i_multifmt_slice_gen_num_lanes[0].active_lane.lane_instance.i_fpnew_cast_multi_mux_ifmt_rounded_signed_res[int_fmt_q2]_622_28_g2363/X -       A1->X R     HDBLVT20_EN2_V2_1          2  1.0    15    22     894    (-,-) 
  ex_stage_i/g151560/X                                                                                                                                                                                                                                     -       B1->X F     HDBLVT20_OAI22_1           1  0.5    15    15     909    (-,-) 
  ex_stage_i/g150776/X                                                                                                                                                                                                                                     -       B1->X R     HDBLVT20_AOI32_1           1  0.9    32    18     928    (-,-) 
  ex_stage_i/g148554/X                                                                                                                                                                                                                                     -       A1->X F     HDBLVT20_OAI21_2           2  2.1    15    19     947    (-,-) 
  ex_stage_i/g148384/X                                                                                                                                                                                                                                     -       A1->X R     HDBLVT20_NR2_3             4  2.4    13    14     960    (-,-) 
  ex_stage_i/g148062/X                                                                                                                                                                                                                                     -       B1->X R     HDBLVT20_AO2BB2_1          2  1.0    15    22     983    (-,-) 
  ex_stage_i/g147876/X                                                                                                                                                                                                                                     -       A1->X F     HDBLVT20_NR2_1             4  2.1    15    14     997    (-,-) 
  ex_stage_i/g147686/X                                                                                                                                                                                                                                     -       B->X  R     HDBLVT20_NR2B_V1_1         3  1.8    22    21    1018    (-,-) 
  ex_stage_i/g146848/X                                                                                                                                                                                                                                     -       A1->X F     HDBLVT20_OAOI211_2         3  1.9    33    18    1036    (-,-) 
  ex_stage_i/g146579/X                                                                                                                                                                                                                                     -       A1->X F     HDBLVT20_AN2_DMM_8        19 17.0    16    35    1072    (-,-) 
  ex_stage_i/g146268/X                                                                                                                                                                                                                                     -       A1->X R     HDBLVT20_ND2_2            13  5.2    20    18    1089    (-,-) 
  g207159/X                                                                                                                                                                                                                                                -       A->X  F     HDBLVT20_INV_1             5  2.5    15    16    1106    (-,-) 
  g198072/X                                                                                                                                                                                                                                                -       A1->X R     HDBLVT20_OAI21_MM_0P5      3  1.3    24    20    1126    (-,-) 
  g196532/X                                                                                                                                                                                                                                                -       B1->X F     HDBLVT20_AOI22_0P75        1  0.5    51    19    1146    (-,-) 
  g196386/X                                                                                                                                                                                                                                                -       A2->X R     HDBLVT20_ND2_MM_1          1  0.4    16    18    1164    (-,-) 
  g196211/X                                                                                                                                                                                                                                                -       A1->X F     HDBLVT20_NR2_MM_1          1  0.5    10    12    1176    (-,-) 
  g195804/X                                                                                                                                                                                                                                                -       A1->X R     HDBLVT20_OAI21_MM_0P5      4  0.9    21    16    1192    (-,-) 
  ex_stage_i/vaddr_to_be_flushed_reg[45]/D                                                                                                                                                                                                                 -       -     R     HDBLVT20_FSDPRBQ_D_1       4    -     -     0    1192    (-,-) 
#---------------------------------------------------------------------------------------------------------------------------------------------------------------------------------------------------------------------------------------------------------------------------------------------------------------------------------------------



Path 10: MET (12 ps) Setup Check with Pin ex_stage_i/vaddr_to_be_flushed_reg[20]/CK->SI
          Group: clk
     Startpoint: (R) ex_stage_i/fpu_gen.fpu_i_fpu_gen.i_fpnew_bulk_gen_operation_groups[3].i_opgroup_block_gen_merged_slice.i_multifmt_slice_gen_num_lanes[0].active_lane.lane_instance.i_fpnew_cast_multi_mid_pipe_dst_fmt_q_reg[1][2]/CK
          Clock: (R) clk
       Endpoint: (R) ex_stage_i/vaddr_to_be_flushed_reg[20]/SI
          Clock: (R) clk

                     Capture       Launch     
        Clock Edge:+    1250            0     
       Src Latency:+       0            0     
       Net Latency:+       0 (I)        0 (I) 
           Arrival:=    1250            0     
                                              
             Setup:-      52                  
     Required Time:=    1198                  
      Launch Clock:-       0                  
         Data Path:-    1186                  
             Slack:=      12                  

#----------------------------------------------------------------------------------------------------------------------------------------------------------------------------------------------------------------------------------------------------------------------------------------------------------------------------------------------
#                                                                                                                      Timing Point                                                                                                                        Flags    Arc   Edge         Cell           Fanout Load Trans Delay Arrival Instance 
#                                                                                                                                                                                                                                                                                                            (fF)  (ps)  (ps)   (ps)  Location 
#----------------------------------------------------------------------------------------------------------------------------------------------------------------------------------------------------------------------------------------------------------------------------------------------------------------------------------------------
  ex_stage_i/fpu_gen.fpu_i_fpu_gen.i_fpnew_bulk_gen_operation_groups[3].i_opgroup_block_gen_merged_slice.i_multifmt_slice_gen_num_lanes[0].active_lane.lane_instance.i_fpnew_cast_multi_mid_pipe_dst_fmt_q_reg[1][2]/CK                                    -       -      R     (arrival)              23656    -     0     0       0    (-,-) 
  ex_stage_i/fpu_gen.fpu_i_fpu_gen.i_fpnew_bulk_gen_operation_groups[3].i_opgroup_block_gen_merged_slice.i_multifmt_slice_gen_num_lanes[0].active_lane.lane_instance.i_fpnew_cast_multi_mid_pipe_dst_fmt_q_reg[1][2]/Q                                     -       CK->Q  R     HDBLVT20_FSDPRBQ_D_1       7  4.5    31    55      55    (-,-) 
  ex_stage_i/g4149/X                                                                                                                                                                                                                                       -       A2->X  F     HDBLVT20_NR2_MM_2          4  2.3    17    21      76    (-,-) 
  ex_stage_i/g4112/X                                                                                                                                                                                                                                       -       A1->X  R     HDBLVT20_ND2_MM_2          3  1.5    10    12      88    (-,-) 
  ex_stage_i/g4073/X                                                                                                                                                                                                                                       -       A1->X  F     HDBLVT20_ND2_1             3  1.5    18    15     103    (-,-) 
  ex_stage_i/g4031/X                                                                                                                                                                                                                                       -       A1->X  R     HDBLVT20_NR2_1             2  1.4    19    18     121    (-,-) 
  ex_stage_i/g4025/X                                                                                                                                                                                                                                       -       A1->X  F     HDBLVT20_ND2_MM_1          2  1.0    14    15     136    (-,-) 
  ex_stage_i/g4022/X                                                                                                                                                                                                                                       -       A->X   R     HDBLVT20_INV_1             1  0.5     7     9     146    (-,-) 
  ex_stage_i/g4014/X                                                                                                                                                                                                                                       -       A2->X  F     HDBLVT20_OAI21_MM_1        1  1.6    23    20     165    (-,-) 
  ex_stage_i/g3926/CO                                                                                                                                                                                                                                      -       CI->CO F     HDBLVT20_ADDF_V1_1         2  1.4    14    34     200    (-,-) 
  ex_stage_i/g3921/X                                                                                                                                                                                                                                       -       A1->X  F     HDBLVT20_AO21B_1           3  1.4    16    23     222    (-,-) 
  ex_stage_i/g3915/X                                                                                                                                                                                                                                       -       B1->X  F     HDBLVT20_OA2BB2_1          1  0.5    10    21     243    (-,-) 
  ex_stage_i/g3907/X                                                                                                                                                                                                                                       -       B1->X  R     HDBLVT20_OAI221_1          3  2.5    37    24     267    (-,-) 
  ex_stage_i/fpu_gen.fpu_i_fpu_gen.i_fpnew_bulk_gen_operation_groups[3].i_opgroup_block_gen_merged_slice.i_multifmt_slice_gen_num_lanes[0].active_lane.lane_instance.i_fpnew_cast_multi_srl_492_2980_g12169/X                                              -       A->X   R     HDBLVT20_BUF_D_8          40 21.2    20    35     302    (-,-) 
  ex_stage_i/fpu_gen.fpu_i_fpu_gen.i_fpnew_bulk_gen_operation_groups[3].i_opgroup_block_gen_merged_slice.i_multifmt_slice_gen_num_lanes[0].active_lane.lane_instance.i_fpnew_cast_multi_srl_492_2980_g12168/X                                              -       A->X   F     HDBLVT20_INV_5            31 14.5    17    17     319    (-,-) 
  ex_stage_i/fpu_gen.fpu_i_fpu_gen.i_fpnew_bulk_gen_operation_groups[3].i_opgroup_block_gen_merged_slice.i_multifmt_slice_gen_num_lanes[0].active_lane.lane_instance.i_fpnew_cast_multi_srl_492_2980_g12159/X                                              -       A->X   R     HDBLVT20_INV_5            28 12.3    18    17     336    (-,-) 
  ex_stage_i/fpu_gen.fpu_i_fpu_gen.i_fpnew_bulk_gen_operation_groups[3].i_opgroup_block_gen_merged_slice.i_multifmt_slice_gen_num_lanes[0].active_lane.lane_instance.i_fpnew_cast_multi_srl_492_2980_g12277/X                                              -       B->X   F     HDBLVT20_NR2B_0P5          2  1.0    16    17     353    (-,-) 
  ex_stage_i/fpu_gen.fpu_i_fpu_gen.i_fpnew_bulk_gen_operation_groups[3].i_opgroup_block_gen_merged_slice.i_multifmt_slice_gen_num_lanes[0].active_lane.lane_instance.i_fpnew_cast_multi_srl_492_2980_g11160/X                                              -       B1->X  F     HDBLVT20_AO2BB2_1          1  0.4    16    21     374    (-,-) 
  ex_stage_i/g10116/X                                                                                                                                                                                                                                      -       A3->X  R     HDBLVT20_NR4_0P5           1  0.4    19    22     396    (-,-) 
  ex_stage_i/g9809/X                                                                                                                                                                                                                                       -       A2->X  F     HDBLVT20_ND4_MM_1          1  0.5    20    20     416    (-,-) 
  ex_stage_i/g9707/X                                                                                                                                                                                                                                       -       A2->X  R     HDBLVT20_NR2_1             1  1.1    17    19     434    (-,-) 
  ex_stage_i/g9677/X                                                                                                                                                                                                                                       -       A2->X  F     HDBLVT20_ND2_2             3  1.7    12    14     448    (-,-) 
  ex_stage_i/g9545/X                                                                                                                                                                                                                                       -       A1->X  R     HDBLVT20_NR2_MM_1P5        2  1.0    10    11     459    (-,-) 
  ex_stage_i/g9382/X                                                                                                                                                                                                                                       -       A1->X  F     HDBLVT20_OAI21B_1          2  0.8    17    11     470    (-,-) 
  ex_stage_i/g9343/X                                                                                                                                                                                                                                       -       A1->X  R     HDBLVT20_NR2_MM_1          1  0.5    11    12     482    (-,-) 
  ex_stage_i/g9294/X                                                                                                                                                                                                                                       -       A1->X  F     HDBLVT20_OAI21B_1          1  0.9    15    12     494    (-,-) 
  ex_stage_i/g9257/X                                                                                                                                                                                                                                       -       A1->X  R     HDBLVT20_AOI21_MM_2        2  1.9    14    17     511    (-,-) 
  ex_stage_i/g9251/X                                                                                                                                                                                                                                       -       S->X   R     HDBLVT20_MUXI2_V2_2        4  2.4    25    19     530    (-,-) 
  ex_stage_i/final_adder_fpu_gen.fpu_i_fpu_gen.i_fpnew_bulk_gen_operation_groups[3].i_opgroup_block_gen_merged_slice.i_multifmt_slice_gen_num_lanes[0].active_lane.lane_instance.i_fpnew_cast_multi_mux_604_34_g1995/X                                     -       A1->X  F     HDBLVT20_AOI21B_1          2  1.0    16    17     547    (-,-) 
  ex_stage_i/final_adder_fpu_gen.fpu_i_fpu_gen.i_fpnew_bulk_gen_operation_groups[3].i_opgroup_block_gen_merged_slice.i_multifmt_slice_gen_num_lanes[0].active_lane.lane_instance.i_fpnew_cast_multi_mux_604_34_g1976/X                                     -       A1->X  R     HDBLVT20_OAI21B_1          2  1.4    19    18     565    (-,-) 
  ex_stage_i/final_adder_fpu_gen.fpu_i_fpu_gen.i_fpnew_bulk_gen_operation_groups[3].i_opgroup_block_gen_merged_slice.i_multifmt_slice_gen_num_lanes[0].active_lane.lane_instance.i_fpnew_cast_multi_mux_604_34_g1975/X                                     -       A->X   F     HDBLVT20_INV_1             1  1.0    10    11     576    (-,-) 
  ex_stage_i/final_adder_fpu_gen.fpu_i_fpu_gen.i_fpnew_bulk_gen_operation_groups[3].i_opgroup_block_gen_merged_slice.i_multifmt_slice_gen_num_lanes[0].active_lane.lane_instance.i_fpnew_cast_multi_mux_604_34_g1973/X                                     -       A->X   R     HDBLVT20_INV_2             3  2.2     9    10     586    (-,-) 
  ex_stage_i/final_adder_fpu_gen.fpu_i_fpu_gen.i_fpnew_bulk_gen_operation_groups[3].i_opgroup_block_gen_merged_slice.i_multifmt_slice_gen_num_lanes[0].active_lane.lane_instance.i_fpnew_cast_multi_mux_604_34_g1961/X                                     -       A1->X  F     HDBLVT20_AOI21_2           2  1.7    16    12     598    (-,-) 
  ex_stage_i/final_adder_fpu_gen.fpu_i_fpu_gen.i_fpnew_bulk_gen_operation_groups[3].i_opgroup_block_gen_merged_slice.i_multifmt_slice_gen_num_lanes[0].active_lane.lane_instance.i_fpnew_cast_multi_mux_604_34_g1954/X                                     -       A1->X  R     HDBLVT20_NR2_MM_2          2  1.5    12    12     610    (-,-) 
  ex_stage_i/final_adder_fpu_gen.fpu_i_fpu_gen.i_fpnew_bulk_gen_operation_groups[3].i_opgroup_block_gen_merged_slice.i_multifmt_slice_gen_num_lanes[0].active_lane.lane_instance.i_fpnew_cast_multi_mux_604_34_g1937/X                                     -       A1->X  F     HDBLVT20_AOI21B_2          2  1.4    11    11     622    (-,-) 
  ex_stage_i/final_adder_fpu_gen.fpu_i_fpu_gen.i_fpnew_bulk_gen_operation_groups[3].i_opgroup_block_gen_merged_slice.i_multifmt_slice_gen_num_lanes[0].active_lane.lane_instance.i_fpnew_cast_multi_mux_604_34_g2152/X                                     -       A1->X  R     HDBLVT20_OAI21_MM_0P5      1  0.9    18    16     638    (-,-) 
  ex_stage_i/final_adder_fpu_gen.fpu_i_fpu_gen.i_fpnew_bulk_gen_operation_groups[3].i_opgroup_block_gen_merged_slice.i_multifmt_slice_gen_num_lanes[0].active_lane.lane_instance.i_fpnew_cast_multi_mux_604_34_g1909/X                                     -       A1->X  R     HDBLVT20_EN2_V2_1          1  0.5    11    21     659    (-,-) 
  ex_stage_i/g3741/X                                                                                                                                                                                                                                       -       A1->X  R     HDBLVT20_AO21_1            5  2.5    18    25     684    (-,-) 
  ex_stage_i/final_adder_fpu_gen.fpu_i_fpu_gen.i_fpnew_bulk_gen_operation_groups[3].i_opgroup_block_gen_merged_slice.i_multifmt_slice_gen_num_lanes[0].active_lane.lane_instance.i_fpnew_cast_multi_mux_ifmt_rounded_signed_res[int_fmt_q2]_622_28_g2754/X -       A1->X  R     HDBLVT20_OR2_1             3  1.9    14    22     706    (-,-) 
  ex_stage_i/final_adder_fpu_gen.fpu_i_fpu_gen.i_fpnew_bulk_gen_operation_groups[3].i_opgroup_block_gen_merged_slice.i_multifmt_slice_gen_num_lanes[0].active_lane.lane_instance.i_fpnew_cast_multi_mux_ifmt_rounded_signed_res[int_fmt_q2]_622_28_g2544/X -       A1->X  F     HDBLVT20_ND3_2             2  2.0    20    17     723    (-,-) 
  ex_stage_i/final_adder_fpu_gen.fpu_i_fpu_gen.i_fpnew_bulk_gen_operation_groups[3].i_opgroup_block_gen_merged_slice.i_multifmt_slice_gen_num_lanes[0].active_lane.lane_instance.i_fpnew_cast_multi_mux_ifmt_rounded_signed_res[int_fmt_q2]_622_28_g2490/X -       B2->X  R     HDBLVT20_OAI22_2           1  1.0    15    18     741    (-,-) 
  ex_stage_i/final_adder_fpu_gen.fpu_i_fpu_gen.i_fpnew_bulk_gen_operation_groups[3].i_opgroup_block_gen_merged_slice.i_multifmt_slice_gen_num_lanes[0].active_lane.lane_instance.i_fpnew_cast_multi_mux_ifmt_rounded_signed_res[int_fmt_q2]_622_28_g2484/X -       A1->X  F     HDBLVT20_NR2_2             4  2.6    11    11     753    (-,-) 
  ex_stage_i/final_adder_fpu_gen.fpu_i_fpu_gen.i_fpnew_bulk_gen_operation_groups[3].i_opgroup_block_gen_merged_slice.i_multifmt_slice_gen_num_lanes[0].active_lane.lane_instance.i_fpnew_cast_multi_mux_ifmt_rounded_signed_res[int_fmt_q2]_622_28_g2480/X -       A->X   R     HDBLVT20_AN3B_2            1  0.9    10    12     765    (-,-) 
  ex_stage_i/final_adder_fpu_gen.fpu_i_fpu_gen.i_fpnew_bulk_gen_operation_groups[3].i_opgroup_block_gen_merged_slice.i_multifmt_slice_gen_num_lanes[0].active_lane.lane_instance.i_fpnew_cast_multi_mux_ifmt_rounded_signed_res[int_fmt_q2]_622_28_g2467/X -       B1->X  F     HDBLVT20_AOI211_2          4  2.7    20    10     775    (-,-) 
  ex_stage_i/final_adder_fpu_gen.fpu_i_fpu_gen.i_fpnew_bulk_gen_operation_groups[3].i_opgroup_block_gen_merged_slice.i_multifmt_slice_gen_num_lanes[0].active_lane.lane_instance.i_fpnew_cast_multi_mux_ifmt_rounded_signed_res[int_fmt_q2]_622_28_g2464/X -       A1->X  R     HDBLVT20_NR2_1P5           2  1.4    13    14     789    (-,-) 
  ex_stage_i/final_adder_fpu_gen.fpu_i_fpu_gen.i_fpnew_bulk_gen_operation_groups[3].i_opgroup_block_gen_merged_slice.i_multifmt_slice_gen_num_lanes[0].active_lane.lane_instance.i_fpnew_cast_multi_mux_ifmt_rounded_signed_res[int_fmt_q2]_622_28_g2437/X -       A1->X  F     HDBLVT20_AOI21_2           4  2.4    16    16     805    (-,-) 
  ex_stage_i/final_adder_fpu_gen.fpu_i_fpu_gen.i_fpnew_bulk_gen_operation_groups[3].i_opgroup_block_gen_merged_slice.i_multifmt_slice_gen_num_lanes[0].active_lane.lane_instance.i_fpnew_cast_multi_mux_ifmt_rounded_signed_res[int_fmt_q2]_622_28_g2415/X -       A1->X  R     HDBLVT20_OAI21_MM_2        2  1.4    13    15     820    (-,-) 
  ex_stage_i/final_adder_fpu_gen.fpu_i_fpu_gen.i_fpnew_bulk_gen_operation_groups[3].i_opgroup_block_gen_merged_slice.i_multifmt_slice_gen_num_lanes[0].active_lane.lane_instance.i_fpnew_cast_multi_mux_ifmt_rounded_signed_res[int_fmt_q2]_622_28_g2402/X -       A1->X  F     HDBLVT20_ND2_MM_2          2  1.4    10    11     830    (-,-) 
  ex_stage_i/final_adder_fpu_gen.fpu_i_fpu_gen.i_fpnew_bulk_gen_operation_groups[3].i_opgroup_block_gen_merged_slice.i_multifmt_slice_gen_num_lanes[0].active_lane.lane_instance.i_fpnew_cast_multi_mux_ifmt_rounded_signed_res[int_fmt_q2]_622_28_g2383/X -       A1->X  R     HDBLVT20_OAI21_2           3  2.4    17    16     846    (-,-) 
  ex_stage_i/final_adder_fpu_gen.fpu_i_fpu_gen.i_fpnew_bulk_gen_operation_groups[3].i_opgroup_block_gen_merged_slice.i_multifmt_slice_gen_num_lanes[0].active_lane.lane_instance.i_fpnew_cast_multi_mux_ifmt_rounded_signed_res[int_fmt_q2]_622_28_g2370/X -       A1->X  F     HDBLVT20_AOI21B_2          2  1.4    12    13     860    (-,-) 
  ex_stage_i/final_adder_fpu_gen.fpu_i_fpu_gen.i_fpnew_bulk_gen_operation_groups[3].i_opgroup_block_gen_merged_slice.i_multifmt_slice_gen_num_lanes[0].active_lane.lane_instance.i_fpnew_cast_multi_mux_ifmt_rounded_signed_res[int_fmt_q2]_622_28_g2366/X -       A1->X  R     HDBLVT20_OAI21B_1          1  0.9    14    14     873    (-,-) 
  ex_stage_i/final_adder_fpu_gen.fpu_i_fpu_gen.i_fpnew_bulk_gen_operation_groups[3].i_opgroup_block_gen_merged_slice.i_multifmt_slice_gen_num_lanes[0].active_lane.lane_instance.i_fpnew_cast_multi_mux_ifmt_rounded_signed_res[int_fmt_q2]_622_28_g2363/X -       A1->X  R     HDBLVT20_EN2_V2_1          2  1.0    15    22     895    (-,-) 
  ex_stage_i/g151560/X                                                                                                                                                                                                                                     -       B1->X  F     HDBLVT20_OAI22_1           1  0.5    15    15     910    (-,-) 
  ex_stage_i/g150776/X                                                                                                                                                                                                                                     -       B1->X  R     HDBLVT20_AOI32_1           1  0.9    32    18     928    (-,-) 
  ex_stage_i/g148554/X                                                                                                                                                                                                                                     -       A1->X  F     HDBLVT20_OAI21_2           2  2.1    15    19     948    (-,-) 
  ex_stage_i/g148384/X                                                                                                                                                                                                                                     -       A1->X  R     HDBLVT20_NR2_3             4  2.4    13    14     961    (-,-) 
  ex_stage_i/g148062/X                                                                                                                                                                                                                                     -       B1->X  R     HDBLVT20_AO2BB2_1          2  1.0    15    22     983    (-,-) 
  ex_stage_i/g147876/X                                                                                                                                                                                                                                     -       A1->X  F     HDBLVT20_NR2_1             4  2.1    15    14     997    (-,-) 
  ex_stage_i/g147686/X                                                                                                                                                                                                                                     -       B->X   R     HDBLVT20_NR2B_V1_1         3  1.8    22    21    1018    (-,-) 
  ex_stage_i/g153842/X                                                                                                                                                                                                                                     -       B->X   F     HDBLVT20_NR2B_0P5          2  1.0    16    19    1037    (-,-) 
  ex_stage_i/g146997/X                                                                                                                                                                                                                                     -       A1->X  R     HDBLVT20_AOI21_1           1  1.0    23    18    1056    (-,-) 
  ex_stage_i/g146849/X                                                                                                                                                                                                                                     -       A1->X  F     HDBLVT20_NR2_2             6  3.0    14    14    1070    (-,-) 
  ex_stage_i/g144849/X                                                                                                                                                                                                                                     -       A1->X  R     HDBLVT20_ND2_1             4  2.0    20    15    1085    (-,-) 
  g207191/X                                                                                                                                                                                                                                                -       A->X   F     HDBLVT20_INV_1             6  3.0    18    18    1102    (-,-) 
  g198198/X                                                                                                                                                                                                                                                -       A1->X  R     HDBLVT20_OAI21_MM_0P5      3  1.4    27    22    1124    (-,-) 
  g197033/X                                                                                                                                                                                                                                                -       A2->X  F     HDBLVT20_ND2_0P75          1  0.5    39    17    1142    (-,-) 
  g196557/X                                                                                                                                                                                                                                                -       B->X   R     HDBLVT20_AO21B_1           1  0.4    13    14    1155    (-,-) 
  g196435/X                                                                                                                                                                                                                                                -       A2->X  F     HDBLVT20_NR2_MM_1          1  0.5    10    12    1167    (-,-) 
  g195829/X                                                                                                                                                                                                                                                -       A2->X  R     HDBLVT20_AOAI211_1         4  1.0    23    19    1186    (-,-) 
  ex_stage_i/vaddr_to_be_flushed_reg[20]/SI                                                                                                                                                                                                                -       -      R     HDBLVT20_FSDPRBQ_4         4    -     -     0    1186    (-,-) 
#----------------------------------------------------------------------------------------------------------------------------------------------------------------------------------------------------------------------------------------------------------------------------------------------------------------------------------------------

